"Model","Scenario2","time_mean","time_sd","iter_mean","iter_sd","Kest_mean","Kest_sd","F1_mean","F1_sd","rmse_sig_mean","rmse_sig_sd","rmse_theta_mean","rmse_theta_sd","rmse_Betas_mean","rmse_Betas_sd","rmse_lambda_mean","rmse_lambda_sd","effectiveBetas_mean","effectiveBetas_sd","effectiveSigs_mean","effectiveSigs_sd","effectiveTheta_mean","effectiveTheta_sd","effectiveMu_mean","effectiveMu_sd","effectiveSigma2_mean","effectiveSigma2_sd","effectiveLogPost_mean","effectiveLogPost_sd"
"M0. MAP, true x","A - indep",6.195184156696,3.8696872081807,447.5,242.093392157481,8,0,1,0,0.0014362332612048,0.000208521436259373,20.7600962226662,2.42333920509662,0.00902479124129785,0.00122760998815923,0.00252894263434332,0.000685642470946509,NA,NA,NA,NA,NA,NA,NA,NA,NA,NA,NA,NA
"M0. MAP, true x","B - corr",8.33685512860616,6.5651932789125,487,314.024806261175,8.05,0.223606797749979,1,0,0.00198769454070438,0.00230037044208076,26.8196024905579,26.7065198479411,0.0193338997748144,0.0237618968747445,0.00233638422276735,0.00054096250508137,NA,NA,NA,NA,NA,NA,NA,NA,NA,NA,NA,NA
"M1. MAP, CompNMF","A - indep",0.0117024650176366,0.00792176175435852,NA,NA,8.05,0.223606797749979,0.99375,0.0279508497187474,0.00376091705377777,0.00277655457050068,48.3146091203664,30.9246408253205,0.348130015925738,0.033734367125773,0.110037401266157,0.0441625467824443,NA,NA,NA,NA,NA,NA,NA,NA,NA,NA,NA,NA
"M1. MAP, CompNMF","B - corr",0.0140487438440323,0.00927810466563087,NA,NA,8,0,0.99375,0.0279508497187474,0.00330773555165849,0.0005532423080175,44.4708972900732,8.10729157447813,0.360956556921886,0.0317926053567092,0.134696688714224,0.0797762017607599,NA,NA,NA,NA,NA,NA,NA,NA,NA,NA,NA,NA
"M2. MAP, no x","A - indep",2.84307833770911,1.55389820107305,750,400.381397117667,8.1,0.307793505625546,0.987867647058824,0.0321194607898045,0.00411481621817761,0.00303751218491269,66.8680548094561,80.63905278283,0.347341560889505,0.0360762150386993,0.109774018056223,0.0444101908304141,NA,NA,NA,NA,NA,NA,NA,NA,NA,NA,NA,NA
"M2. MAP, no x","B - corr",3.45736686329047,2.0562417431564,694,331.938485106408,8.05,0.223606797749979,0.99375,0.0279508497187474,0.00413459330998255,0.00327817302552327,54.5604734949087,30.928626649778,0.360009743321452,0.0329878713634675,0.134372303508519,0.0801578665447294,NA,NA,NA,NA,NA,NA,NA,NA,NA,NA,NA,NA
"M3. MAP, all x","A - indep",6.56055463294188,3.8071659163073,442.5,251.246890528022,8.05,0.223606797749979,1,0,0.00187011472896799,0.00192841393416833,31.5325036224753,48.3349081969949,0.0200091822692741,0.0323392652726209,0.00302386072818438,0.000776635284911347,NA,NA,NA,NA,NA,NA,NA,NA,NA,NA,NA,NA
"M3. MAP, all x","B - corr",8.28137445171674,6.42731331379788,468.5,317.395237585735,8,0,1,0,0.00147531448171524,0.000201231487824083,20.7564095001298,1.95690205116665,0.0612781525208532,0.0309597684732599,0.0030598755339896,0.000700279955720001,NA,NA,NA,NA,NA,NA,NA,NA,NA,NA,NA,NA
"M4. MCMC, all x","A - indep",18.3228814347585,1.8222375339242,NA,NA,8,0,1,0,0.00221734769410017,0.000467497290525835,25.4351624885987,3.6437141057315,0.013915980613106,0.00138850748570097,0.00281674319437593,0.00085554261038152,237.569360792651,19.3755402662035,397.116868946311,37.8306183617412,635.793415436216,49.8768921458437,1402.94340386622,65.4816255231068,1487.94997670846,55.5924425907814,181.286918005606,78.0830132299361
"M4. MCMC, all x","B - corr",19.0763297309478,3.2461876546083,NA,NA,8,0,1,0,0.00232388459128805,0.000440233337140767,25.1424664181872,3.0884588881118,0.0615730835046131,0.0311997080534152,0.00298561397475104,0.000639513193897782,250.730601034856,25.4913277376846,399.62632897545,28.8218652078331,644.718053815154,53.5895739169926,1397.95009636008,75.6797361881428,1410.30578802043,40.0879685074401,158.69851528078,45.4537065604286
"M5. MCMC, all x, Delta = 200","A - indep",14.7863540341457,2.3054986910899,NA,NA,8,0,1,0,0.00222150362999633,0.000462704926095615,25.3067863931713,3.42733192499337,0.0138738698857883,0.00143824302254436,0.0129502882489899,0.00612369919867921,236.080289758757,22.8544630297935,395.658068154306,37.4531558865922,636.031010403198,54.1655475448694,1392.21257203381,63.3878442398911,1474.49591742505,50.8926639468245,154.784304940747,49.0171580124029
"M5. MCMC, all x, Delta = 200","B - corr",12.1123665251335,3.30191185195965,NA,NA,8,0,1,0,0.00232446507480708,0.000431154195650912,25.1963858244933,3.03384726697942,0.0614258787744361,0.0304631161066688,0.0166713779202489,0.0121778461975853,249.852371394779,24.7771258296985,398.710018365201,29.703022071293,641.744625959654,56.2084839917968,1417.85674219679,57.141322290545,1408.41191316188,52.5286713541603,152.221687302748,19.9578864786899
"M6. MCMC, all x, Delta = 500","A - indep",13.2652180520694,1.91170536197705,NA,NA,8,0,1,0,0.00223191341965274,0.000464284904588847,25.4510245023823,3.59903896947407,0.0139159188292063,0.0015476408322847,0.0221470782939272,0.0104135417986094,233.785318978936,21.201815691511,396.174359194115,38.1125291977449,633.311227165826,55.0675510770658,1419.3511332915,69.3455033560671,1458.75284494187,35.5953790954762,149.358858752573,20.2488307264542
"M6. MCMC, all x, Delta = 500","B - corr",8.69977035125096,2.9060735559452,NA,NA,8,0,1,0,0.00234020150643997,0.00044549784187945,25.2818440510082,2.98467367372147,0.062032457393973,0.0306618556313617,0.0292691542903955,0.0218592248690658,247.691333151022,28.2632973373328,396.123529800684,28.954879917574,638.013924845939,54.1684339579221,1404.00234013209,57.4532538756369,1391.52190601888,68.6225898837295,165.092809096274,40.0016742855872
"M7. SignatureAnalyzer","A - indep",0.68230069855849,0.231372923738589,NA,NA,8,0,0.99375,0.0279508497187474,0.00283385208019535,0.000403776711492988,44.8390907209369,9.99049001682119,0.349255270601397,0.0348929237998917,0.110037280163517,0.0441625870188664,NA,NA,NA,NA,NA,NA,NA,NA,NA,NA,NA,NA
"M7. SignatureAnalyzer","B - corr",0.332325176397959,0.178187955980921,NA,NA,8,0,0.99375,0.0279508497187474,0.00297131132740894,0.000455044370724703,51.6158274514927,16.4272330452981,0.360956556921886,0.0317926053567092,0.134696645050464,0.0797762210379314,NA,NA,NA,NA,NA,NA,NA,NA,NA,NA,NA,NA
