model	Kest	Sensitivity	Precision	F1	rmse_sig	rmse_theta	rmse_Betas	rmse_lambda	rmse_counts	time	iter	effectiveBetas	effectiveSigs	effectiveTheta	effectiveMu	effectiveSigma2	effectiveLogPost	effectiveLogLik	effectiveLogPrior	Simulation	Scenario	n
map_TrueCovs	8	1	1	1	0.00167324768754885	17.7131211935316	0.00988271081965734	0.00235815827665115	0.0518884161156931	5.05789532264074	400	NA	NA	NA	NA	NA	NA	NA	NA	Simulation_01	Scenario_A_indep	84567
CompNMFBase	8	1	1	1	0.00381835428801671	38.5526314548734	0.341061740667261	0.116529472184401	0.12970252655811	0.00741407871246338	2862	NA	NA	NA	NA	NA	NA	NA	NA	Simulation_01	Scenario_A_indep	84567
map_CopyOnly	8	1	1	1	0.00387187728129441	41.0556186041673	0.341061740667261	0.116375412408005	0.12956280038348	1.3758372704188	420	NA	NA	NA	NA	NA	NA	NA	NA	Simulation_01	Scenario_A_indep	84567
map_Full	8	1	1	1	0.0016913877046779	17.7385842720745	0.0156190016268861	0.00264886396488927	0.0518596177376398	2.13684209187826	160	NA	NA	NA	NA	NA	NA	NA	NA	Simulation_01	Scenario_A_indep	84567
mcmc_Full	8	1	1	1	0.00304565437766261	22.5872423671178	0.0158462886322419	0.00263276045607369	0.0518336658399189	16.6298861900965	NA	250.829509049635	436.399862945045	665.778970358045	1380.69866357029	1463.11267188617	150	150	150	Simulation_01	Scenario_A_indep	84567
SignatureAnalyzer	8	1	1	1	0.00327044448628899	40.7193228669179	0.341061740667261	0.11652942843045	0.129702484340916	0.757148106892904	NA	NA	NA	NA	NA	NA	NA	NA	NA	Simulation_01	Scenario_A_indep	84567
map_TrueCovs200	8	1	1	1	0.00171108806389671	17.8471415809962	0.0155926897540749	0.012030713879096	0.0527562192537563	1.45179322560628	150	NA	NA	NA	NA	NA	NA	NA	NA	Simulation_01	Scenario_A_indep	84567
mcmc_TrueCovs200	8	1	1	1	0.00305396075395987	22.6631580620869	0.0164063646442431	0.0120670190653581	0.0527254749018236	12.4487593889236	NA	229.859630146169	431.887202042404	661.422388932058	1339.16549426247	1445.25829796645	150	150	150	Simulation_01	Scenario_A_indep	84567
map_TrueCovs500	8	1	1	1	0.00170314915152796	17.8517503959716	0.0156313122594515	0.0210712091909852	0.0557324453150757	1.34541501601537	150	NA	NA	NA	NA	NA	NA	NA	NA	Simulation_01	Scenario_A_indep	84567
mcmc_TrueCovs500	8	1	1	1	0.00302328882482068	22.4868544990665	0.0158348550142196	0.0211062100789402	0.0557054690793679	11.4368994752566	NA	227.730035179464	436.625000579693	659.070231067154	1426.14477138485	1489.69526026618	150	150	150	Simulation_01	Scenario_A_indep	84567
map_TrueCovs	8	1	1	1	0.00140448490222973	20.2179879466098	0.00805454941728297	0.00229818252672019	0.0567253984142195	8.26952453454336	590	NA	NA	NA	NA	NA	NA	NA	NA	Simulation_02	Scenario_A_indep	99755
CompNMFBase	8	1	1	1	0.00395705028448559	43.0284819535174	0.352072121086792	0.125656628268297	0.138224650240009	0.0185843507448832	6107	NA	NA	NA	NA	NA	NA	NA	NA	Simulation_02	Scenario_A_indep	99755
map_CopyOnly	8	1	1	1	0.00410490525375512	52.0963675093109	0.352072121086792	0.126006871082654	0.138542486801612	3.00759631792704	690	NA	NA	NA	NA	NA	NA	NA	NA	Simulation_02	Scenario_A_indep	99755
map_Full	8	1	1	1	0.00140369137588962	20.1684290267881	0.010208013451746	0.00284675637951277	0.0567080739995944	8.91276049216588	630	NA	NA	NA	NA	NA	NA	NA	NA	Simulation_02	Scenario_A_indep	99755
mcmc_Full	8	1	1	1	0.00269222377606519	22.3243375781496	0.0109959829070149	0.00256327528818684	0.0566906350465152	18.6369464278221	NA	219.120978708046	415.33017246439	563.682641450931	1398.16889790662	1482.34384114892	150	108.845626955176	150	Simulation_02	Scenario_A_indep	99755
SignatureAnalyzer	8	1	1	1	0.00377744739949513	61.6594003762585	0.352072121086792	0.12565659379833	0.138224618232223	1.18668098449707	NA	NA	NA	NA	NA	NA	NA	NA	NA	Simulation_02	Scenario_A_indep	99755
map_TrueCovs200	8	1	1	1	0.00139645040391451	20.1261952946308	0.0103309087824494	0.0145365153779837	0.0584005616613786	7.21337740023931	630	NA	NA	NA	NA	NA	NA	NA	NA	Simulation_02	Scenario_A_indep	99755
mcmc_TrueCovs200	8	1	1	1	0.00264448479483124	22.1502323739666	0.0108593583019193	0.0144841872613085	0.0583907652053568	16.5054227948189	NA	204.754038260581	412.63407888761	554.662601050311	1403.54238534289	1405.20855699009	150	235.25835424675	150	Simulation_02	Scenario_A_indep	99755
map_TrueCovs500	8	1	1	1	0.00142744367205512	20.141744507695	0.0104386639349651	0.0246679707478563	0.0617110490231587	7.07004586060842	630	NA	NA	NA	NA	NA	NA	NA	NA	Simulation_02	Scenario_A_indep	99755
mcmc_TrueCovs500	8	1	1	1	0.00273288134852408	22.3978591535708	0.0109884620392151	0.0246339578606539	0.0616952312171161	13.6667825102806	NA	205.862709796178	412.162631381198	551.62487129134	1419.75188807241	1436.39498252047	109.003260779622	150	112.155785677647	Simulation_02	Scenario_A_indep	99755
map_TrueCovs	8	1	1	1	0.00150708354675828	21.1977658849273	0.0113334093556029	0.00278619206791658	0.0535199333200727	12.5320730686188	990	NA	NA	NA	NA	NA	NA	NA	NA	Simulation_03	Scenario_A_indep	93688
CompNMFBase	8	1	1	1	0.00365449279736469	45.1726205287625	0.328754882202466	0.146118572470612	0.156194156012094	0.0106149395306905	2842	NA	NA	NA	NA	NA	NA	NA	NA	Simulation_03	Scenario_A_indep	93688
map_CopyOnly	8	1	1	1	0.00369219786900119	42.7594307731411	0.328754882202466	0.145829436413618	0.155936692329049	5.76686265468597	1480	NA	NA	NA	NA	NA	NA	NA	NA	Simulation_03	Scenario_A_indep	93688
map_Full	8	1	1	1	0.00150851801581655	21.2317722001713	0.0145003712520936	0.00308860665314327	0.0535087477005971	14.0717856685321	990	NA	NA	NA	NA	NA	NA	NA	NA	Simulation_03	Scenario_A_indep	93688
mcmc_Full	8	1	1	1	0.0027494504282892	25.3969800544273	0.0155184974230682	0.00373100783086155	0.0534962975942976	17.9444948712985	NA	216.559495008353	420.445564514337	581.059063239211	1381.45728653311	1562.34135532742	150	316.761765664769	150	Simulation_03	Scenario_A_indep	93688
SignatureAnalyzer	8	1	1	1	0.00305439451479732	54.0861516701893	0.328754882202466	0.146118563815681	0.156194126418778	0.717903733253479	NA	NA	NA	NA	NA	NA	NA	NA	NA	Simulation_03	Scenario_A_indep	93688
map_TrueCovs200	8	1	1	1	0.00151617336131943	21.351753371959	0.0145256380296181	0.0205852245762165	0.0570832400075413	13.1961895902952	1050	NA	NA	NA	NA	NA	NA	NA	NA	Simulation_03	Scenario_A_indep	93688
mcmc_TrueCovs200	8	1	1	1	0.00273244005802404	25.5475783623086	0.0155358854177861	0.0206871163079992	0.0570817499362825	15.4821043888728	NA	211.721929814011	423.701754720122	564.695171393648	1314.32420779824	1601.46277241241	150	160.681561892657	215.919879197654	Simulation_03	Scenario_A_indep	93688
map_TrueCovs500	8	1	1	1	0.00152956133021973	21.3336706050877	0.0147395842577409	0.0370084617981075	0.064079538027772	10.3055494626363	1020	NA	NA	NA	NA	NA	NA	NA	NA	Simulation_03	Scenario_A_indep	93688
mcmc_TrueCovs500	8	1	1	1	0.00276171991451624	25.6246160132146	0.0154507866778236	0.037095525854114	0.0640809896260253	13.4885215878487	NA	214.87296676602	418.289167002933	559.922129863001	1360.4400679933	1399.38704219993	150	150	116.290251140849	Simulation_03	Scenario_A_indep	93688
map_TrueCovs	8	1	1	1	0.00158869754038063	20.5753026342086	0.00911308490018592	0.00157644797150753	0.051770845880856	6.51489653984706	540	NA	NA	NA	NA	NA	NA	NA	NA	Simulation_04	Scenario_A_indep	86485
CompNMFBase	8	1	1	1	0.0027894477123906	36.2220983322637	0.298083060363519	0.0702215730820825	0.08732052412971	0.00301899115244548	3689	NA	NA	NA	NA	NA	NA	NA	NA	Simulation_04	Scenario_A_indep	86485
map_CopyOnly	8	1	1	1	0.00283275811096252	38.844464395739	0.298083060363519	0.0701903656562786	0.0872799458255511	1.16083037058512	450	NA	NA	NA	NA	NA	NA	NA	NA	Simulation_04	Scenario_A_indep	86485
map_Full	8	1	1	1	0.00158440043361021	20.5362731428641	0.0130191850831943	0.00239961851537316	0.0517269876383331	5.28245095014572	440	NA	NA	NA	NA	NA	NA	NA	NA	Simulation_04	Scenario_A_indep	86485
mcmc_Full	8	1	1	1	0.00231047705690379	27.3093183018346	0.0144079282957422	0.00229192878044973	0.0517234800113502	17.5579954425494	NA	221.875549622117	332.315421717374	567.845548103396	1409.29985997737	1483.51300839965	201.62212834268	150	150	Simulation_04	Scenario_A_indep	86485
SignatureAnalyzer	8	1	1	1	0.00269325559520659	40.4321346694631	0.298083060363519	0.0702215312803162	0.0873204798323938	0.53616296450297	NA	NA	NA	NA	NA	NA	NA	NA	NA	Simulation_04	Scenario_A_indep	86485
map_TrueCovs200	8	1	1	1	0.00158698659966947	20.4880863974097	0.0130140812663318	0.00722191052221863	0.0520558269397461	4.73761237462362	480	NA	NA	NA	NA	NA	NA	NA	NA	Simulation_04	Scenario_A_indep	86485
mcmc_TrueCovs200	8	1	1	1	0.0023610276956455	27.5513897148761	0.0144542820167932	0.00719011627264161	0.0520517678549238	12.8709204673767	NA	222.102162160732	329.715924592268	563.096918976125	1478.82403731723	1433.8788386349	150	256.1449083435	150	Simulation_04	Scenario_A_indep	86485
map_TrueCovs500	8	1	1	1	0.00157212553412746	20.3259527288828	0.0128188019226081	0.0119466334603757	0.0529861358686408	6.18845492601395	690	NA	NA	NA	NA	NA	NA	NA	NA	Simulation_04	Scenario_A_indep	86485
mcmc_TrueCovs500	8	1	1	1	0.00231306387209093	27.3242833019126	0.0142224831330187	0.0119231350288853	0.0529831201188627	12.1193630377452	NA	230.049343653331	331.300167272787	555.52390393937	1407.68176427444	1470.73033639802	150	150	150	Simulation_04	Scenario_A_indep	86485
map_TrueCovs	8	1	1	1	0.00143797679581536	19.8931803869436	0.0103142588902237	0.00282863528567492	0.0550268881265042	4.95752687056859	360	NA	NA	NA	NA	NA	NA	NA	NA	Simulation_05	Scenario_A_indep	95667
CompNMFBase	8	1	1	1	0.00323532899701475	39.6238976538285	0.335577016267604	0.114247356787032	0.125039741517651	0.0105384508768717	4566	NA	NA	NA	NA	NA	NA	NA	NA	Simulation_05	Scenario_A_indep	95667
map_CopyOnly	8	1	1	1	0.00320832596988423	39.9030190896031	0.335577016267604	0.11477718007154	0.125468656622498	5.88081071774165	1430	NA	NA	NA	NA	NA	NA	NA	NA	Simulation_05	Scenario_A_indep	95667
map_Full	8	1	1	1	0.00146526173345282	20.0030095920281	0.0130446385421152	0.00312457226845965	0.0550113726009244	9.56997450987498	630	NA	NA	NA	NA	NA	NA	NA	NA	Simulation_05	Scenario_A_indep	95667
mcmc_Full	8	1	1	1	0.00275823172520726	26.290509206378	0.0143952481980227	0.00277807459769377	0.0550186628851663	17.0032231767972	NA	230.977098998433	388.912583047287	606.663207059488	1305.10721157732	1448.85787963092	150	150	150	Simulation_05	Scenario_A_indep	95667
SignatureAnalyzer	8	1	1	1	0.00279362636620606	32.2067244419672	0.335577016267604	0.114247316322909	0.125039708182988	0.494150606791178	NA	NA	NA	NA	NA	NA	NA	NA	NA	Simulation_05	Scenario_A_indep	95667
map_TrueCovs200	8	1	1	1	0.00146197209460138	20.078854978925	0.012982901817951	0.0124426662142599	0.0562168973400553	5.4885822335879	480	NA	NA	NA	NA	NA	NA	NA	NA	Simulation_05	Scenario_A_indep	95667
mcmc_TrueCovs200	8	1	1	1	0.00273985144662041	26.3599037296092	0.0146273625458886	0.0123742586133482	0.0562156859901629	14.704623957475	NA	233.053029945091	392.610090758112	610.399704659662	1467.37168221634	1474.66617757079	108.464832906619	150	298.998115122072	Simulation_05	Scenario_A_indep	95667
map_TrueCovs500	8	1	1	1	0.0014654853297044	20.1428017070153	0.013047498538502	0.0217365703783783	0.0584092562352083	3.53328652779261	330	NA	NA	NA	NA	NA	NA	NA	NA	Simulation_05	Scenario_A_indep	95667
mcmc_TrueCovs500	8	1	1	1	0.00277339393627089	26.3456961873259	0.0140673678384924	0.0216926910043492	0.0584113548541746	13.258770386378	NA	229.171392266965	386.207367637429	603.470300711053	1392.46936792682	1482.48978452053	150	150	150	Simulation_05	Scenario_A_indep	95667
map_TrueCovs	8	1	1	1	0.00145741544521144	16.3737914442401	0.00843364258282338	0.00178972364354122	0.0467178991586812	2.8541205684344	260	NA	NA	NA	NA	NA	NA	NA	NA	Simulation_06	Scenario_A_indep	70606
CompNMFBase	8	1	1	1	0.00278810430335338	22.8673236269143	0.304562963834238	0.0433070186341631	0.0636428917129365	0.0101861238479614	5286	NA	NA	NA	NA	NA	NA	NA	NA	Simulation_06	Scenario_A_indep	70606
map_CopyOnly	8	1	1	1	0.00294819380818404	24.2803312913493	0.304562963834238	0.0429704852068809	0.0634215310684008	0.838444455464681	440	NA	NA	NA	NA	NA	NA	NA	NA	Simulation_06	Scenario_A_indep	70606
map_Full	8	1	1	1	0.00145457085428551	16.3305974508758	0.0121664300625543	0.00209906187308148	0.0467091683411587	3.5934163014094	280	NA	NA	NA	NA	NA	NA	NA	NA	Simulation_06	Scenario_A_indep	70606
mcmc_Full	8	1	1	1	0.00212358417389472	18.1539594113365	0.0125770916946517	0.00185215435652694	0.0467043130865976	16.1344778974851	NA	214.954577562774	400.890733561479	575.2070835677	1366.6150879598	1460.42490117909	150	150	201.584318388047	Simulation_06	Scenario_A_indep	70606
SignatureAnalyzer	8	1	1	1	0.0024786262040252	28.6593967296736	0.304562963834238	0.0433068450426574	0.0636428001769146	0.312094096342723	NA	NA	NA	NA	NA	NA	NA	NA	NA	Simulation_06	Scenario_A_indep	70606
map_TrueCovs200	8	1	1	1	0.0014540371847216	16.3091290043251	0.0122704716023195	0.00490765788511365	0.0468334170432874	2.70355025529861	280	NA	NA	NA	NA	NA	NA	NA	NA	Simulation_06	Scenario_A_indep	70606
mcmc_TrueCovs200	8	1	1	1	0.00214306324521618	18.3636410615489	0.0128369795850993	0.00480415574271685	0.0468240082612513	11.3676029523214	NA	215.95327872261	397.777404238351	574.957472703671	1432.99609705651	1504.1402083328	150	197.613681340032	150	Simulation_06	Scenario_A_indep	70606
map_TrueCovs500	8	1	1	1	0.00145958751145545	16.3744320165463	0.012236917301365	0.0082404524033986	0.0471987448674173	2.09833062887192	280	NA	NA	NA	NA	NA	NA	NA	NA	Simulation_06	Scenario_A_indep	70606
mcmc_TrueCovs500	8	1	1	1	0.00217195062640297	18.470044963494	0.0127604748641892	0.00818143346078691	0.0471902029934273	9.40477879444758	NA	215.400444255257	404.157042366711	573.445206089149	1262.76394197825	1414.25631226876	188.354210331834	150	135.584677726822	Simulation_06	Scenario_A_indep	70606
map_TrueCovs	8	1	1	1	0.00112806250766212	20.2339424617455	0.00991442515863078	0.00245026151253347	0.0537124916051629	3.01923596858978	240	NA	NA	NA	NA	NA	NA	NA	NA	Simulation_07	Scenario_A_indep	91682
CompNMFBase	8	1	1	1	0.00305793182924829	46.7131406414277	0.352665548778882	0.0911705158325829	0.105417662027445	0.00779475371042887	2646	NA	NA	NA	NA	NA	NA	NA	NA	Simulation_07	Scenario_A_indep	91682
map_CopyOnly	8	1	1	1	0.00309489066444298	47.6323853356893	0.352665548778882	0.0907962799284344	0.105106769118876	2.24901615778605	770	NA	NA	NA	NA	NA	NA	NA	NA	Simulation_07	Scenario_A_indep	91682
map_Full	8	1	1	1	0.00113627474835402	20.3618153831693	0.0143802263958677	0.00296051651236825	0.0536656863105689	3.800752445062	250	NA	NA	NA	NA	NA	NA	NA	NA	Simulation_07	Scenario_A_indep	91682
mcmc_Full	8	1	1	1	0.00167536359369944	26.2179448277258	0.0151181365782303	0.00266252321934923	0.0536550067078115	17.6143509984016	NA	241.777823202342	405.110389834751	650.647797881141	1475.68895941258	1484.34773296719	150	150	150	Simulation_07	Scenario_A_indep	91682
SignatureAnalyzer	8	1	1	1	0.00273288277967148	46.3442893932478	0.352665548778882	0.0911704764464798	0.105417631144441	0.508725003401438	NA	NA	NA	NA	NA	NA	NA	NA	NA	Simulation_07	Scenario_A_indep	91682
map_TrueCovs200	8	1	1	1	0.00113671876219105	20.3192211182167	0.0141420604336315	0.00930665360592606	0.0542898849716193	2.50702490409215	250	NA	NA	NA	NA	NA	NA	NA	NA	Simulation_07	Scenario_A_indep	91682
mcmc_TrueCovs200	8	1	1	1	0.00168366881985157	26.169543948068	0.0150576159857309	0.00923710055409476	0.0542765338874811	13.7375281532605	NA	241.448081860972	406.569919302879	653.655396298494	1439.70910571806	1515.5675948214	210.929361286954	150	150	Simulation_07	Scenario_A_indep	91682
map_TrueCovs500	8	1	1	1	0.00114512557675491	20.3008090639763	0.0142247325189512	0.0148939619380204	0.0555091288495906	2.42037476301193	250	NA	NA	NA	NA	NA	NA	NA	NA	Simulation_07	Scenario_A_indep	91682
mcmc_TrueCovs500	8	1	1	1	0.00168666103103897	26.4212715923244	0.0151004554902935	0.0148465477052646	0.0554996389674595	12.6450786352158	NA	251.180867267295	406.63167733284	651.451279299262	1437.08471712467	1485.9536441946	150	139.812365307804	150	Simulation_07	Scenario_A_indep	91682
map_TrueCovs	8	1	1	1	0.00116696263270675	20.5480237445749	0.00855458819236247	0.00206622158538455	0.0561781298710809	3.44256136417389	220	NA	NA	NA	NA	NA	NA	NA	NA	Simulation_08	Scenario_A_indep	100199
CompNMFBase	8	1	1	1	0.00232268157532428	33.9697845970381	0.37871310848113	0.108789164083253	0.12243681369181	0.00443119208017985	5073	NA	NA	NA	NA	NA	NA	NA	NA	Simulation_08	Scenario_A_indep	100199
map_CopyOnly	8	1	1	1	0.00257367781014737	43.1916443651679	0.37871310848113	0.107258197571335	0.121062421345227	3.85876401662827	960	NA	NA	NA	NA	NA	NA	NA	NA	Simulation_08	Scenario_A_indep	100199
map_Full	8	1	1	1	0.00117402011037083	20.5899751079638	0.0105867514213514	0.00249215197156251	0.0561761004638604	3.27857763767242	220	NA	NA	NA	NA	NA	NA	NA	NA	Simulation_08	Scenario_A_indep	100199
mcmc_Full	8	1	1	1	0.00195367340564357	23.7765807147006	0.0119728191984566	0.00223112916836583	0.0561857739233689	19.4468504230181	NA	229.684482321013	438.597158111108	635.623221457848	1411.71690201393	1573.08408996019	150	150	150	Simulation_08	Scenario_A_indep	100199
SignatureAnalyzer	8	1	1	1	0.00222187540957636	51.6877765816859	0.37871310848113	0.10878913644725	0.122436792945361	0.741055154800415	NA	NA	NA	NA	NA	NA	NA	NA	NA	Simulation_08	Scenario_A_indep	100199
map_TrueCovs200	8	1	1	1	0.00119014590625027	20.5766523562375	0.0106691429727991	0.0116894798919448	0.0573330971901154	2.61814411878586	220	NA	NA	NA	NA	NA	NA	NA	NA	Simulation_08	Scenario_A_indep	100199
mcmc_TrueCovs200	8	1	1	1	0.00197549832323692	23.8281998336613	0.0117663161736259	0.0116470094573005	0.0573406856306062	14.6281904776891	NA	238.323075340018	433.503121299837	631.255338460301	1394.60870302507	1399.80147791474	150	150	150	Simulation_08	Scenario_A_indep	100199
map_TrueCovs500	8	1	1	1	0.00118013889720049	20.5157212278841	0.0105975168049086	0.0217911225294054	0.0601278513386951	1.59161342779795	230	NA	NA	NA	NA	NA	NA	NA	NA	Simulation_08	Scenario_A_indep	100199
mcmc_TrueCovs500	8	1	1	1	0.00196028206807076	24.0436509159399	0.0113851227877931	0.0217717584009933	0.0601354314187308	14.651175347964	NA	221.580917918532	432.272604969572	632.830083922125	1422.22150688328	1448.9032451882	150	150	171.102280477741	Simulation_08	Scenario_A_indep	100199
map_TrueCovs	8	1	1	1	0.00149466234863019	23.246554710645	0.00871047879701362	0.00251128432637966	0.0579805630582137	15.4667339046796	920	NA	NA	NA	NA	NA	NA	NA	NA	Simulation_09	Scenario_A_indep	109055
CompNMFBase	8	1	1	1	0.00225940642436815	30.7954870496234	0.396810868077444	0.136429643226091	0.148212587595455	0.0028221050898234	3776	NA	NA	NA	NA	NA	NA	NA	NA	Simulation_09	Scenario_A_indep	109055
map_CopyOnly	8	1	1	1	0.00230411344360339	30.8206561412577	0.396810868077444	0.135645769006116	0.147497393635316	1.93204684257507	410	NA	NA	NA	NA	NA	NA	NA	NA	Simulation_09	Scenario_A_indep	109055
map_Full	8	1	1	1	0.00149267101096595	23.2675754531394	0.0122940136174463	0.00296423883178107	0.0579527430711935	10.8520560542742	640	NA	NA	NA	NA	NA	NA	NA	NA	Simulation_09	Scenario_A_indep	109055
mcmc_Full	8	1	1	1	0.00206468918463318	28.6038001452946	0.0147899340971583	0.00270084822368225	0.0579385452822598	20.9410477320353	NA	263.311790890079	427.77898132755	707.309140762002	1337.40083578191	1458.04082321294	215.989669708644	272.194576447547	150	Simulation_09	Scenario_A_indep	109055
SignatureAnalyzer	8	1	1	1	0.00213164143073222	29.4524748577417	0.396810868077444	0.136429611252137	0.148212564915513	1.00564273198446	NA	NA	NA	NA	NA	NA	NA	NA	NA	Simulation_09	Scenario_A_indep	109055
map_TrueCovs200	8	1	1	1	0.00148746781296631	23.1308199661939	0.0123341490713127	0.0192126565094471	0.060921655903641	9.33408293326696	710	NA	NA	NA	NA	NA	NA	NA	NA	Simulation_09	Scenario_A_indep	109055
mcmc_TrueCovs200	8	1	1	1	0.00204228159662675	28.3165533271586	0.0143008903247661	0.0191840606303217	0.0609119968877792	17.2486518144608	NA	271.533826542473	425.847784336596	702.68209469183	1282.17206099735	1527.25473184386	150	147.999951125737	147.757809252835	Simulation_09	Scenario_A_indep	109055
map_TrueCovs500	8	1	1	1	0.00147604905191929	22.941637182303	0.0125194010779681	0.0306119629568053	0.0650113581204975	13.2994493365288	1080	NA	NA	NA	NA	NA	NA	NA	NA	Simulation_09	Scenario_A_indep	109055
mcmc_TrueCovs500	8	1	1	1	0.0020832487637548	28.1919195115954	0.0145877767271773	0.0306033719182354	0.0650037635278526	14.6974343101184	NA	274.48197061957	427.345030247339	717.328437707785	1365.14909324412	1471.38882174006	150	150	150	Simulation_09	Scenario_A_indep	109055
map_TrueCovs	8	1	1	1	0.00173335334999672	17.898537769444	0.0084295963563053	0.00184423700275204	0.050030014721721	6.41916649341583	570	NA	NA	NA	NA	NA	NA	NA	NA	Simulation_10	Scenario_A_indep	78802
CompNMFBase	8	1	1	1	0.00323630366307721	27.8521244874152	0.294004060257784	0.0573831692240151	0.0757066639462149	0.00624932448069255	8577	NA	NA	NA	NA	NA	NA	NA	NA	Simulation_10	Scenario_A_indep	78802
map_CopyOnly	8	1	1	1	0.0033078602667151	27.9599828812716	0.294004060257784	0.0568346728053771	0.0753002930633343	1.23185474077861	460	NA	NA	NA	NA	NA	NA	NA	NA	Simulation_10	Scenario_A_indep	78802
map_Full	8	1	1	1	0.00173291130225933	17.8628755006319	0.0136419200768133	0.00217356301072209	0.0500241303777433	8.63492251634598	650	NA	NA	NA	NA	NA	NA	NA	NA	Simulation_10	Scenario_A_indep	78802
mcmc_Full	8	1	1	1	0.00252739644101907	22.8668573051679	0.0146081765138193	0.00182809174769371	0.0500158492175266	15.9927950620651	NA	222.350716526833	323.036953593983	618.225285633387	1314.2850909886	1500.98169997126	150	150	150	Simulation_10	Scenario_A_indep	78802
SignatureAnalyzer	8	1	1	1	0.00298025914513353	26.1099535989709	0.294004060257784	0.0573830811192429	0.0757065858608113	0.497039004166921	NA	NA	NA	NA	NA	NA	NA	NA	NA	Simulation_10	Scenario_A_indep	78802
map_TrueCovs200	8	1	1	1	0.00172997194163687	17.9233187768506	0.0134510328364528	0.00572759466595977	0.0502680838378806	6.21646544535955	640	NA	NA	NA	NA	NA	NA	NA	NA	Simulation_10	Scenario_A_indep	78802
mcmc_TrueCovs200	8	1	1	1	0.00254035156781074	22.7839941255706	0.0137316128187416	0.005594634129465	0.050259509488597	12.2777384122213	NA	218.111132542089	324.840479335115	615.657915410686	1277.97642582425	1431.11852307603	334.983385145926	226.829028913122	150	Simulation_10	Scenario_A_indep	78802
map_TrueCovs500	8	1	1	1	0.00173773358487269	17.9007882880938	0.0131524141265927	0.00943073815158922	0.050770447816356	5.49693149328232	640	NA	NA	NA	NA	NA	NA	NA	NA	Simulation_10	Scenario_A_indep	78802
mcmc_TrueCovs500	8	1	1	1	0.00258751860567057	23.1560189604224	0.013599175465005	0.00936077814021534	0.0507615718714515	10.657761434714	NA	220.928709882846	324.127470325209	618.425646873262	1380.47602494541	1402.60913655924	150	150	150	Simulation_10	Scenario_A_indep	78802
map_TrueCovs	8	1	1	1	0.00139072455513116	21.4314608814912	0.00779530682886311	0.00398696805494481	0.0571779825048357	9.52877955039342	670	NA	NA	NA	NA	NA	NA	NA	NA	Simulation_11	Scenario_A_indep	105201
CompNMFBase	8	1	1	1	0.00426312067917947	50.6480016160432	0.369771774130008	0.138955024239963	0.148090365900421	0.0138770977656047	4702	NA	NA	NA	NA	NA	NA	NA	NA	Simulation_11	Scenario_A_indep	105201
map_CopyOnly	8	1	1	1	0.00381920910451957	47.7127443856529	0.369771774130008	0.138935800893195	0.148095835888613	2.60213549137115	600	NA	NA	NA	NA	NA	NA	NA	NA	Simulation_11	Scenario_A_indep	105201
map_Full	9	1	1	1	0.010015274889724	236.624836163351	0.15727948984749	0.00455214207269187	0.0571564524482948	13.5796922008197	930	NA	NA	NA	NA	NA	NA	NA	NA	Simulation_11	Scenario_A_indep	105201
mcmc_Full	8	1	1	1	0.00209216471258401	26.1926121727363	0.0137483022525494	0.00362792544302834	0.0571703729405251	18.873731637001	NA	219.418438217037	370.71197225466	678.198203471187	1494.4393442674	1449.36732509387	176.3966061466	150	176.253617937162	Simulation_11	Scenario_A_indep	105201
SignatureAnalyzer	8	1	1	1	0.00304408854204998	47.677067888818	0.369771774130008	0.138954976132731	0.148090343751786	0.787387065092723	NA	NA	NA	NA	NA	NA	NA	NA	NA	Simulation_11	Scenario_A_indep	105201
map_TrueCovs200	8	1	1	1	0.00139957233978675	21.5168209728769	0.0120186999112545	0.0159880852070359	0.0589679849653021	18.5394278764725	1400	NA	NA	NA	NA	NA	NA	NA	NA	Simulation_11	Scenario_A_indep	105201
mcmc_TrueCovs200	8	1	1	1	0.00210057299779174	26.2428639733863	0.0137277142067478	0.0158383535137649	0.0589821641447851	17.0477332790693	NA	216.454387197309	367.076097959412	667.06150835645	1448.76135335662	1389.02037717621	150	150	153.806784270113	Simulation_11	Scenario_A_indep	105201
map_TrueCovs500	8	1	1	1	0.00140010972845758	21.5030311850841	0.0117777783916168	0.025360257763557	0.0618253803204273	11.4712537606557	1000	NA	NA	NA	NA	NA	NA	NA	NA	Simulation_11	Scenario_A_indep	105201
mcmc_TrueCovs500	8	1	1	1	0.00208988046454398	26.3479365035939	0.0131722890539917	0.0252704135392721	0.0618322180367327	14.6319077690442	NA	217.05183069192	370.934133574869	663.571836345337	1489.47601221137	1454.12053455208	192.841635376989	150	200.333422680959	Simulation_11	Scenario_A_indep	105201
map_TrueCovs	8	1	1	1	0.00132630397133554	25.744274213947	0.0102120335966952	0.00240546819672674	0.0610981784265074	12.7119035641352	740	NA	NA	NA	NA	NA	NA	NA	NA	Simulation_12	Scenario_A_indep	122674
CompNMFBase	8	0.875	0.875	0.875	0.00352701987029638	55.4157891455089	0.377171420756636	0.214093363452732	0.222520800526055	0.00281388362248739	3532	NA	NA	NA	NA	NA	NA	NA	NA	Simulation_12	Scenario_A_indep	122674
map_CopyOnly	8	0.875	0.875	0.875	0.00352319520576697	55.4615567915333	0.377171420756636	0.214265087771658	0.222654568082499	3.75968304872513	780	NA	NA	NA	NA	NA	NA	NA	NA	Simulation_12	Scenario_A_indep	122674
map_Full	8	1	1	1	0.00133129554830658	25.7535448006567	0.01305916912302	0.00299452312968211	0.0610352365521498	11.8468824982643	710	NA	NA	NA	NA	NA	NA	NA	NA	Simulation_12	Scenario_A_indep	122674
mcmc_Full	8	1	1	1	0.00186323279891481	32.6216544761293	0.016023460865106	0.00272976027197002	0.0610303618350627	21.282203400135	NA	247.251530684146	341.342692097378	638.199178995747	1287.31567076166	1509.67032950074	92.8197647281114	150	192.795793889048	Simulation_12	Scenario_A_indep	122674
SignatureAnalyzer	8	0.875	0.875	0.875	0.00319244502142915	53.2785361818989	0.377171420756636	0.214093331479943	0.222520783447853	0.858540964126587	NA	NA	NA	NA	NA	NA	NA	NA	NA	Simulation_12	Scenario_A_indep	122674
map_TrueCovs200	8	1	1	1	0.00133966176771534	25.8868532685897	0.0132765303493978	0.0260834778646965	0.0650844305399327	11.1228824615479	730	NA	NA	NA	NA	NA	NA	NA	NA	Simulation_12	Scenario_A_indep	122674
mcmc_TrueCovs200	8	1	1	1	0.00185879513019132	32.6048165312372	0.0155921718698513	0.0260622023716734	0.0650744229635759	19.5759290059408	NA	225.669948222813	341.897582540742	659.087941777564	1294.05887363646	1483.77372825217	79.1403812366148	108.11510708252	150	Simulation_12	Scenario_A_indep	122674
map_TrueCovs500	8	1	1	1	0.00134671259185972	25.9032774571343	0.0133738228809797	0.0440564916277506	0.0753601992615027	9.39643110434214	720	NA	NA	NA	NA	NA	NA	NA	NA	Simulation_12	Scenario_A_indep	122674
mcmc_TrueCovs500	8	1	1	1	0.00188340272085572	33.3373235799506	0.0169328893168078	0.0440512762570246	0.0753622851235375	16.3699117859205	NA	237.512391668029	336.701864824219	647.603432218635	1280.18935161713	1465.94368715049	150	150	150	Simulation_12	Scenario_A_indep	122674
map_TrueCovs	8	1	1	1	0.00138639692033955	22.0981775680476	0.00929767359883623	0.00179564488111473	0.0508227838035575	2.51523454984029	200	NA	NA	NA	NA	NA	NA	NA	NA	Simulation_13	Scenario_A_indep	83611
CompNMFBase	8	1	1	1	0.00289043186880672	45.5944863556628	0.327997895860255	0.0579462034820682	0.0773891871266043	0.0175656119982402	6725	NA	NA	NA	NA	NA	NA	NA	NA	Simulation_13	Scenario_A_indep	83611
map_CopyOnly	8	1	1	1	0.00294813304331231	46.8184247762084	0.327997895860255	0.0571950713691442	0.0768055663596057	1.18950382868449	370	NA	NA	NA	NA	NA	NA	NA	NA	Simulation_13	Scenario_A_indep	83611
map_Full	8	1	1	1	0.00138713107057339	22.1339599918034	0.0113828543797814	0.00219444249096717	0.0508089575111999	2.72013049523036	210	NA	NA	NA	NA	NA	NA	NA	NA	Simulation_13	Scenario_A_indep	83611
mcmc_Full	8	1	1	1	0.00200161410629613	25.3753306191123	0.0134263445923521	0.00214713906751913	0.0507960900653118	16.9813701232274	NA	222.175028018486	390.809919167005	611.337858733266	1433.99195728351	1578.75500848646	150	150	150	Simulation_13	Scenario_A_indep	83611
SignatureAnalyzer	8	1	1	1	0.00281116626720184	49.566047062608	0.327997895860255	0.0579461667421455	0.077389134463477	0.59667683839798	NA	NA	NA	NA	NA	NA	NA	NA	NA	Simulation_13	Scenario_A_indep	83611
map_TrueCovs200	8	1	1	1	0.00138424360270574	22.1540165541315	0.0115585231034316	0.00709405700499242	0.0512314819987472	2.15567054351171	210	NA	NA	NA	NA	NA	NA	NA	NA	Simulation_13	Scenario_A_indep	83611
mcmc_TrueCovs200	8	1	1	1	0.00199496931699259	25.4622977772627	0.0138000700406599	0.00709584514560477	0.0512223776938601	13.1202021400134	NA	225.498504459875	381.088084820689	614.058555509748	1393.83250110174	1483.97221596012	150	321.934848024617	150	Simulation_13	Scenario_A_indep	83611
map_TrueCovs500	8	1	1	1	0.00138719821993144	21.962228618349	0.0116006809895484	0.0120155311057132	0.0522688790474654	1.87750848929087	210	NA	NA	NA	NA	NA	NA	NA	NA	Simulation_13	Scenario_A_indep	83611
mcmc_TrueCovs500	8	1	1	1	0.00202315180062477	25.3841324705623	0.0136714173444322	0.0120038998373048	0.0522585347237568	11.3104002753894	NA	218.157633208787	390.226647527157	616.429907985973	1563.45124880895	1547.28192091215	150	150	150	Simulation_13	Scenario_A_indep	83611
map_TrueCovs	8	1	1	1	0.00134611376765531	19.4496573147116	0.00648503819810006	0.00208778737710357	0.0518259126946146	4.65014927387238	430	NA	NA	NA	NA	NA	NA	NA	NA	Simulation_14	Scenario_A_indep	84395
CompNMFBase	8	1	1	1	0.0028669797844416	42.631571512689	0.31241027646902	0.0680261508045964	0.0853776401276082	0.00939153432846069	4200	NA	NA	NA	NA	NA	NA	NA	NA	Simulation_14	Scenario_A_indep	84395
map_CopyOnly	8	1	1	1	0.00299878383044055	43.0079738206148	0.31241027646902	0.0676521003055183	0.0850894719048211	2.27605451742808	600	NA	NA	NA	NA	NA	NA	NA	NA	Simulation_14	Scenario_A_indep	84395
map_Full	8	1	1	1	0.00134164483367527	19.4443027152645	0.0118459496750961	0.00248599633362581	0.0518096539805543	6.14011537631353	420	NA	NA	NA	NA	NA	NA	NA	NA	Simulation_14	Scenario_A_indep	84395
mcmc_Full	8	1	1	1	0.00198782381983261	24.0952793542255	0.013252785150768	0.00221778954608266	0.0518045661734256	16.9184570908546	NA	259.396555777104	372.573852209508	678.017435282764	1413.50765075839	1457.0206716702	150	150	150	Simulation_14	Scenario_A_indep	84395
SignatureAnalyzer	8	1	1	1	0.00250068881016803	41.9193573184643	0.31241027646902	0.0680260709282652	0.0853775883819255	0.465631973743439	NA	NA	NA	NA	NA	NA	NA	NA	NA	Simulation_14	Scenario_A_indep	84395
map_TrueCovs200	8	1	1	1	0.00134213322661779	19.4607787362907	0.0116583845884842	0.00757593417729133	0.0522500433918353	4.3051340063413	420	NA	NA	NA	NA	NA	NA	NA	NA	Simulation_14	Scenario_A_indep	84395
mcmc_TrueCovs200	8	1	1	1	0.00197999880033719	23.8571891982833	0.012808039127323	0.00747189777535643	0.0522434842953858	13.1081575234731	NA	260.138887063256	372.316356771513	694.303732279107	1407.92009643966	1442.02117488793	150	171.559228184011	150	Simulation_14	Scenario_A_indep	84395
map_TrueCovs500	8	1	1	1	0.00135991061008417	19.5589365521012	0.0119719525395367	0.0126379040160526	0.0533046598894605	4.06985490322113	430	NA	NA	NA	NA	NA	NA	NA	NA	Simulation_14	Scenario_A_indep	84395
mcmc_TrueCovs500	8	1	1	1	0.00199375949726077	24.1376016034786	0.0128132238929604	0.0125886189679954	0.0532994919817731	12.7580562869708	NA	245.921778267625	370.611745400589	688.879996851385	1465.38593574997	1500	150	150	112.625266367441	Simulation_14	Scenario_A_indep	84395
map_TrueCovs	8	1	1	1	0.00113600943414575	18.8451211159699	0.00860920211804899	0.0027586008083104	0.0591601425060978	3.39474564393361	240	NA	NA	NA	NA	NA	NA	NA	NA	Simulation_15	Scenario_A_indep	111542
CompNMFBase	8	1	1	1	0.00280155037231383	44.6500749585679	0.381645874057614	0.141585926531639	0.153159724526835	0.0124352812767029	4613	NA	NA	NA	NA	NA	NA	NA	NA	Simulation_15	Scenario_A_indep	111542
map_CopyOnly	8	1	1	1	0.00281987628898172	44.5255147522032	0.381645874057614	0.14117918706197	0.152789832837246	2.64667514959971	630	NA	NA	NA	NA	NA	NA	NA	NA	Simulation_15	Scenario_A_indep	111542
map_Full	8	1	1	1	0.00114117150150869	18.8437856507502	0.0129749371573631	0.00330674372708837	0.059128583378259	3.84444166819255	240	NA	NA	NA	NA	NA	NA	NA	NA	Simulation_15	Scenario_A_indep	111542
mcmc_Full	8	1	1	1	0.0015139925731421	22.2706509199153	0.0138783778670107	0.00293591145187141	0.0591128051436631	21.509477798144	NA	263.144518012955	444.910696727676	669.592407445202	1379.87924007239	1474.59944332602	399.3643036555	150	495.182753251334	Simulation_15	Scenario_A_indep	111542
SignatureAnalyzer	8	1	1	1	0.00259533739956898	44.180108886561	0.381645874057614	0.141585911972527	0.153159704295783	0.61063814163208	NA	NA	NA	NA	NA	NA	NA	NA	NA	Simulation_15	Scenario_A_indep	111542
map_TrueCovs200	8	1	1	1	0.00114954128052518	18.836773496841	0.0131925481983021	0.0166201857848588	0.0613501145955463	3.20548479159673	240	NA	NA	NA	NA	NA	NA	NA	NA	Simulation_15	Scenario_A_indep	111542
mcmc_TrueCovs200	8	1	1	1	0.00152147413315432	22.0439440847779	0.0143965516701634	0.0165367580578757	0.0613304256103965	16.1759039441744	NA	267.810326650955	442.492062257919	665.735307071389	1402.03711770832	1500	150	150	150	Simulation_15	Scenario_A_indep	111542
map_TrueCovs500	8	1	1	1	0.0011595131010836	18.9048514829581	0.0133676235554311	0.0300575796411724	0.0669581065224962	3.33482615947723	250	NA	NA	NA	NA	NA	NA	NA	NA	Simulation_15	Scenario_A_indep	111542
mcmc_TrueCovs500	8	1	1	1	0.00152250224870713	21.9846974691652	0.0145004100371841	0.030016457901169	0.0669415228007677	15.2578124324481	NA	263.032631280002	445.743910688432	658.844067708162	1451.99880151603	1463.58274884483	150	150	150	Simulation_15	Scenario_A_indep	111542
map_TrueCovs	8	1	1	1	0.00154070902995031	23.2435348588376	0.00848337466078512	0.00277081566864222	0.0598964759665643	6.01625976959864	380	NA	NA	NA	NA	NA	NA	NA	NA	Simulation_16	Scenario_A_indep	113771
CompNMFBase	8	1	1	1	0.0028846947425232	49.1527439587282	0.364244426602703	0.151766534429571	0.163157391908932	0.0275606314341227	10776	NA	NA	NA	NA	NA	NA	NA	NA	Simulation_16	Scenario_A_indep	113771
map_CopyOnly	8	1	1	1	0.00292996460180509	58.9580850134826	0.364244426602703	0.151649927847544	0.163068065171695	3.83039619127909	800	NA	NA	NA	NA	NA	NA	NA	NA	Simulation_16	Scenario_A_indep	113771
map_Full	8	1	1	1	0.00153386560355885	23.2543394209126	0.0111240637664032	0.0040372335849955	0.0598494786168506	6.37203104496002	390	NA	NA	NA	NA	NA	NA	NA	NA	Simulation_16	Scenario_A_indep	113771
mcmc_Full	8	1	1	1	0.00197050096441261	26.7674459224152	0.0120975982614726	0.00379896017254952	0.0598300596303184	20.0869870225588	NA	268.631475342357	417.735514760271	677.952733665066	1416.45811481319	1443.95822453983	150	150	150	Simulation_16	Scenario_A_indep	113771
SignatureAnalyzer	8	1	1	1	0.00279384801555696	59.8826414416334	0.364244426602703	0.151766520175333	0.163157373426033	0.722339995702108	NA	NA	NA	NA	NA	NA	NA	NA	NA	Simulation_16	Scenario_A_indep	113771
map_TrueCovs200	8	1	1	1	0.0015378301792205	23.2423771999246	0.0111998354759161	0.0198390782571442	0.0635190374384945	4.81200467745463	390	NA	NA	NA	NA	NA	NA	NA	NA	Simulation_16	Scenario_A_indep	113771
mcmc_TrueCovs200	8	1	1	1	0.0020214905827355	26.6399003178854	0.0121404897100151	0.0197898805018146	0.0635025177859905	17.3195023735364	NA	264.50535624172	418.421258067276	680.616328335377	1343.13313147534	1496.17283853613	150	109.395893408223	150	Simulation_16	Scenario_A_indep	113771
map_TrueCovs500	8	1	1	1	0.00154139617119903	23.2051424655226	0.0112269878688688	0.0355934873756479	0.0697926895692944	4.5214203397433	380	NA	NA	NA	NA	NA	NA	NA	NA	Simulation_16	Scenario_A_indep	113771
mcmc_TrueCovs500	8	1	1	1	0.00204703061116511	26.7017730450032	0.0119009893991256	0.0355722747463379	0.0697774451882329	15.2110850453377	NA	260.489168740381	416.631355641622	663.03614750732	1452.2643890829	1435.84686597472	96.978068563006	103.399725637668	150	Simulation_16	Scenario_A_indep	113771
map_TrueCovs	8	1	1	1	0.00137480877616458	19.3344921431907	0.00899696497523271	0.00300889667520618	0.0554838540443886	2.153591020902	170	NA	NA	NA	NA	NA	NA	NA	NA	Simulation_17	Scenario_A_indep	96163
CompNMFBase	8	1	1	1	0.00354461650705541	43.2988935221043	0.363403528514866	0.106168726568372	0.118487947528279	0.00966556072235107	3733	NA	NA	NA	NA	NA	NA	NA	NA	Simulation_17	Scenario_A_indep	96163
map_CopyOnly	9	1	0.888888888888889	0.941176470588235	0.0106583291984562	168.853949296822	0.34262013242664	0.105146799236247	0.117557314395673	1.60811096827189	410	NA	NA	NA	NA	NA	NA	NA	NA	Simulation_17	Scenario_A_indep	96163
map_Full	8	1	1	1	0.00137515789930677	19.314893226241	0.0137506904903746	0.00346397276606787	0.0554859576320673	2.58239674568176	170	NA	NA	NA	NA	NA	NA	NA	NA	Simulation_17	Scenario_A_indep	96163
mcmc_Full	8	1	1	1	0.001845972839275	22.6268003006744	0.0147216079616063	0.00304291533489072	0.0554866017422812	17.9723703781764	NA	263.043569969062	418.151525745675	670.518068002286	1491.72081382048	1400.26855413764	150	150	150	Simulation_17	Scenario_A_indep	96163
SignatureAnalyzer	8	1	1	1	0.00306389587513324	41.7151696822022	0.363403528514866	0.106168692259053	0.118487918390237	1.00862531264623	NA	NA	NA	NA	NA	NA	NA	NA	NA	Simulation_17	Scenario_A_indep	96163
map_TrueCovs200	8	1	1	1	0.00137842569931261	19.2317914426856	0.0141038892029199	0.0111023324508808	0.0566393601680097	1.74285398324331	170	NA	NA	NA	NA	NA	NA	NA	NA	Simulation_17	Scenario_A_indep	96163
mcmc_TrueCovs200	8	1	1	1	0.00184232440473187	22.488426552074	0.0149445130902315	0.0109685692391998	0.0566405732019642	13.5601102948189	NA	271.014648013852	420.937983843498	673.95044246513	1439.22498450227	1473.7947755294	150	150	211.589275956484	Simulation_17	Scenario_A_indep	96163
map_TrueCovs500	8	1	1	1	0.00136734884824692	19.239638947765	0.0142537332425346	0.0192224410743519	0.0585986374239875	1.82524380286535	180	NA	NA	NA	NA	NA	NA	NA	NA	Simulation_17	Scenario_A_indep	96163
mcmc_TrueCovs500	8	1	1	1	0.00185239318623352	22.5134511351369	0.0149988633404346	0.0191461091377587	0.05859980976804	12.7911750078201	NA	245.668102541162	419.385811015439	675.364551697847	1462.0759032958	1441.83735054767	150	150	150	Simulation_17	Scenario_A_indep	96163
map_TrueCovs	8	1	1	1	0.0014765414958337	19.2267481183853	0.0104323218514709	0.00195902871041004	0.0528043905762035	2.65621721744537	230	NA	NA	NA	NA	NA	NA	NA	NA	Simulation_18	Scenario_A_indep	88218
CompNMFBase	8	1	1	1	0.00360985561271015	44.8088034687066	0.305831527105884	0.0481570880982901	0.071009451603575	0.00687655210494995	2401	NA	NA	NA	NA	NA	NA	NA	NA	Simulation_18	Scenario_A_indep	88218
map_CopyOnly	9	1	0.888888888888889	0.941176470588235	0.0146857957572076	386.103550830049	0.288340728956278	0.0472643755504144	0.0704874914891006	5.16668196519216	1810	NA	NA	NA	NA	NA	NA	NA	NA	Simulation_18	Scenario_A_indep	88218
map_Full	8	1	1	1	0.0014699707799549	19.222154154993	0.0135811508518449	0.00222531912698737	0.0527919134277835	3.22499649524689	240	NA	NA	NA	NA	NA	NA	NA	NA	Simulation_18	Scenario_A_indep	88218
mcmc_Full	8	1	1	1	0.00216461433368642	24.461486971772	0.0142439383948823	0.00206016493743683	0.0527902267638477	17.0207547148069	NA	219.413082206662	369.838768834049	575.003082776252	1482.52127294621	1612.70537705561	395.601510443667	251.536284172138	283.761784239164	Simulation_18	Scenario_A_indep	88218
SignatureAnalyzer	8	1	1	1	0.00332876613815911	45.6084349075426	0.305831527105884	0.0481570260887911	0.0710093958963919	0.300947260856628	NA	NA	NA	NA	NA	NA	NA	NA	NA	Simulation_18	Scenario_A_indep	88218
map_TrueCovs200	8	1	1	1	0.00147391550972721	19.1641285690194	0.013554705174642	0.00558623121325963	0.0530199864938003	2.39820900360743	230	NA	NA	NA	NA	NA	NA	NA	NA	Simulation_18	Scenario_A_indep	88218
mcmc_TrueCovs200	8	1	1	1	0.00218492863258547	24.3195820314105	0.0139384503958201	0.00550325826746362	0.0530184474840368	14.1860550483068	NA	210.492393415425	369.632413841147	560.984270802578	1384.91484008709	1481.22252186087	112.16813823883	104.369885614007	150	Simulation_18	Scenario_A_indep	88218
map_TrueCovs500	8	1	1	1	0.00149994213309887	19.2090493554798	0.0139607682713957	0.00945594452835458	0.053648443422167	2.20286957422892	230	NA	NA	NA	NA	NA	NA	NA	NA	Simulation_18	Scenario_A_indep	88218
mcmc_TrueCovs500	8	1	1	1	0.00217180171575943	24.3377172213016	0.0145200096151462	0.00940534366224152	0.0536454112251123	13.2607322573662	NA	208.769472246449	366.524705258642	561.529107501288	1421.69731471667	1451.11447939753	150	150	133.717284536736	Simulation_18	Scenario_A_indep	88218
map_TrueCovs	8	1	1	1	0.00118390565222577	22.6369244923996	0.00698043355907005	0.00415083838347407	0.0616609056821449	8.68561866680781	540	NA	NA	NA	NA	NA	NA	NA	NA	Simulation_19	Scenario_A_indep	121527
CompNMFBase	8	1	1	1	0.00238891117124797	50.1593509921469	0.406815426082345	0.162833941884261	0.177876373916721	0.0210122545560201	7189	NA	NA	NA	NA	NA	NA	NA	NA	Simulation_19	Scenario_A_indep	121527
map_CopyOnly	8	1	1	1	0.00241160867176189	51.0569607696342	0.406815426082345	0.163902324504293	0.17887332049009	4.25382283528646	920	NA	NA	NA	NA	NA	NA	NA	NA	Simulation_19	Scenario_A_indep	121527
map_Full	8	1	1	1	0.00118693634412977	22.6026291277941	0.0118416897815861	0.00489947009383116	0.0616107268567266	6.79732820987701	370	NA	NA	NA	NA	NA	NA	NA	NA	Simulation_19	Scenario_A_indep	121527
mcmc_Full	8	1	1	1	0.00177339761762787	26.282369761798	0.0120787809490089	0.00551958593989944	0.0615793062579276	21.2023211638133	NA	256.942982831912	454.844299268788	738.421066449601	1362.99610984853	1500	193.944377086908	209.283579219447	150	Simulation_19	Scenario_A_indep	121527
SignatureAnalyzer	8	1	1	1	0.00230875888839793	53.5586300312486	0.406815426082345	0.16283394438736	0.177876362542889	0.67076145807902	NA	NA	NA	NA	NA	NA	NA	NA	NA	Simulation_19	Scenario_A_indep	121527
map_TrueCovs200	8	1	1	1	0.00118573694474931	22.51037043876	0.0117993578787267	0.0214035798761998	0.0649032864019165	4.55460007190704	360	NA	NA	NA	NA	NA	NA	NA	NA	Simulation_19	Scenario_A_indep	121527
mcmc_TrueCovs200	8	1	1	1	0.0017744121315112	25.9931883406458	0.0119059307200565	0.0215274407717681	0.064873076413331	18.2691404938698	NA	268.859757046544	452.029198277241	750.012317641115	1467.26824415492	1531.52989931099	150	150	150	Simulation_19	Scenario_A_indep	121527
map_TrueCovs500	8	1	1	1	0.00117503913321538	22.5239908299433	0.0121623292024646	0.0338313672875867	0.069873320469435	4.3070142587026	330	NA	NA	NA	NA	NA	NA	NA	NA	Simulation_19	Scenario_A_indep	121527
mcmc_TrueCovs500	8	1	1	1	0.00175064812462801	25.9482544886985	0.0124533401574263	0.0339130174125839	0.069839627882699	16.5151334603628	NA	271.254016839233	455.59706788284	749.829417553214	1500	1486.29116772404	150	150	185.402758694992	Simulation_19	Scenario_A_indep	121527
map_TrueCovs	8	1	1	1	0.0019712048643743	25.2933255694725	0.0104627309687662	0.00314545973187232	0.0525661450848592	3.05744924147924	260	NA	NA	NA	NA	NA	NA	NA	NA	Simulation_20	Scenario_A_indep	87211
CompNMFBase	9	1	1	1	0.0153220585923371	175.134876551507	0.371002798918302	0.101361952039123	0.113171409307171	0.0311965823173523	16607	NA	NA	NA	NA	NA	NA	NA	NA	Simulation_20	Scenario_A_indep	87211
map_CopyOnly	8	1	1	1	0.00356262818330996	46.3184353662251	0.393507892431481	0.101605016434236	0.113420753006399	2.22643921375275	570	NA	NA	NA	NA	NA	NA	NA	NA	Simulation_20	Scenario_A_indep	87211
map_Full	8	1	1	1	0.00197613881893887	25.3647200680333	0.0138830987824547	0.00351942125685677	0.0525294671391193	3.96953925689061	280	NA	NA	NA	NA	NA	NA	NA	NA	Simulation_20	Scenario_A_indep	87211
mcmc_Full	8	1	1	1	0.00323289595321375	34.4820893610627	0.0146183124289577	0.002982918053387	0.0525176202624735	16.7078871448835	NA	220.528012903667	372.600316743898	606.586314389803	1515.59910703114	1415.60659667499	150	91.0254214176704	150	Simulation_20	Scenario_A_indep	87211
SignatureAnalyzer	8	1	1	1	0.00290359331510884	48.0381958316447	0.393507892431481	0.101360379148741	0.113170573297128	0.86786257425944	NA	NA	NA	NA	NA	NA	NA	NA	NA	Simulation_20	Scenario_A_indep	87211
map_TrueCovs200	8	1	1	1	0.00195616425220792	25.303573949253	0.0138787904712217	0.011109534060905	0.053834007280244	2.87794607877731	270	NA	NA	NA	NA	NA	NA	NA	NA	Simulation_20	Scenario_A_indep	87211
mcmc_TrueCovs200	8	1	1	1	0.00323447816807217	32.749324517608	0.0146467990703031	0.0109419013007227	0.0538265972958295	12.0928037722905	NA	224.301401528646	368.182565193379	622.324801248713	1432.41009865533	1470.0536374237	150	150	150	Simulation_20	Scenario_A_indep	87211
map_TrueCovs500	8	1	1	1	0.00193606171329264	25.0757941608921	0.0143415262077959	0.0198366091364286	0.0565015953017252	2.51207409699758	280	NA	NA	NA	NA	NA	NA	NA	NA	Simulation_20	Scenario_A_indep	87211
mcmc_TrueCovs500	8	1	1	1	0.00320968903211537	33.8653874318892	0.0153579843893893	0.0197587449644175	0.0564957724748354	11.1715812007586	NA	216.589996489679	372.01178295278	618.043987183861	1426.30056500363	1427.22957787786	150	150	150	Simulation_20	Scenario_A_indep	87211
map_TrueCovs	8	1	1	1	0.0013711565041489	21.9207282732999	0.0158111896397485	0.00197299819437573	0.0552325678037721	4.26021285454432	310	NA	NA	NA	NA	NA	NA	NA	NA	Simulation_01	Scenario_B_corr	98572
CompNMFBase	8	1	1	1	0.00311824308718871	42.3322683165487	0.371524694393725	0.0924881709089862	0.108147146280342	0.0149234612782796	4246	NA	NA	NA	NA	NA	NA	NA	NA	Simulation_01	Scenario_B_corr	98572
map_CopyOnly	8	1	1	1	0.00304021199180073	42.7222245935913	0.371524694393725	0.0915330055025154	0.107357645870847	3.1495700041453	640	NA	NA	NA	NA	NA	NA	NA	NA	Simulation_01	Scenario_B_corr	98572
map_Full	8	1	1	1	0.00137036946792985	21.937637709144	0.0577784516158587	0.00282002903538455	0.0552373616348507	4.20262387990952	250	NA	NA	NA	NA	NA	NA	NA	NA	Simulation_01	Scenario_B_corr	98572
mcmc_Full	8	1	1	1	0.00247889483082209	29.4261524510905	0.0571162460676941	0.00284050718905262	0.0552315699516535	21.3998623092969	NA	216.317315538899	378.324352307214	599.921705159049	1448.34758017013	1394.92715370861	150	150	150	Simulation_01	Scenario_B_corr	98572
SignatureAnalyzer	8	1	1	1	0.00269607579856432	39.3394144141273	0.371524694393725	0.0924881652563013	0.108147116001666	0.642299556732178	NA	NA	NA	NA	NA	NA	NA	NA	NA	Simulation_01	Scenario_B_corr	98572
map_TrueCovs200	8	1	1	1	0.00137542011985594	22.0691208960213	0.0587843312912303	0.0110297661783466	0.0561462516098982	3.37217778762182	240	NA	NA	NA	NA	NA	NA	NA	NA	Simulation_01	Scenario_B_corr	98572
mcmc_TrueCovs200	8	1	1	1	0.00243135645443571	29.3578056485286	0.0588860635506117	0.01103749796377	0.0561390161190757	17.1137620647748	NA	223.877835100694	376.22780539551	592.586756160532	1368.08912693663	1299.92858691311	150	150	150	Simulation_01	Scenario_B_corr	98572
map_TrueCovs500	8	1	1	1	0.00138658714108749	22.1862127008934	0.059801484554291	0.0186484946756897	0.058441743774783	2.68803296486537	250	NA	NA	NA	NA	NA	NA	NA	NA	Simulation_01	Scenario_B_corr	98572
mcmc_TrueCovs500	8	1	1	1	0.00249797429877215	29.7025699930248	0.0595491498715498	0.0186479495508882	0.0584383942487705	13.406774799029	NA	216.162947883401	369.108659955504	593.6769156457	1380.79321648329	1242.87549604777	174.032276232417	147.698397965649	200.702631566286	Simulation_01	Scenario_B_corr	98572
map_TrueCovs	8	1	1	1	0.00132243059286705	19.7531763534497	0.00976822282148063	0.00314314060634646	0.0541556351119885	8.4807137688001	530	NA	NA	NA	NA	NA	NA	NA	NA	Simulation_02	Scenario_B_corr	94751
CompNMFBase	8	1	1	1	0.00348513884637266	37.8337113883617	0.331106044250927	0.143499908914618	0.153400326666628	0.0112993319829305	3889	NA	NA	NA	NA	NA	NA	NA	NA	Simulation_02	Scenario_B_corr	94751
map_CopyOnly	9	1	1	1	0.0178097217242945	179.847857366772	0.312169772242245	0.142852029134876	0.152787197345438	5.12022182146708	950	NA	NA	NA	NA	NA	NA	NA	NA	Simulation_02	Scenario_B_corr	94751
map_Full	8	1	1	1	0.00132656755922771	19.9013779610946	0.0762259050667943	0.00390902419336448	0.0542719221790517	7.82995267311732	500	NA	NA	NA	NA	NA	NA	NA	NA	Simulation_02	Scenario_B_corr	94751
mcmc_Full	8	1	1	1	0.00215370391713676	20.4255641598826	0.0750362258250263	0.00368139680000624	0.0542115818631896	19.4785718838374	NA	234.446596336771	401.608932166662	630.955244193602	1521.2106559195	1406.80174514628	150	150	150	Simulation_02	Scenario_B_corr	94751
SignatureAnalyzer	8	1	1	1	0.00325673642067764	91.0653772869049	0.331106044250927	0.143499879434326	0.153400301627525	0.515732757250468	NA	NA	NA	NA	NA	NA	NA	NA	NA	Simulation_02	Scenario_B_corr	94751
map_TrueCovs200	8	1	1	1	0.00133160067463236	19.8577061039088	0.0769696037811324	0.015172937743969	0.0565942066441023	6.45828377008438	510	NA	NA	NA	NA	NA	NA	NA	NA	Simulation_02	Scenario_B_corr	94751
mcmc_TrueCovs200	8	1	1	1	0.00216221598144444	20.6009971484622	0.0753634311331955	0.0151306496540199	0.0565415134275346	15.700531343619	NA	225.379977481962	401.804120935915	629.407260286871	1424.96639788829	1350.59580983154	150	150	150	Simulation_02	Scenario_B_corr	94751
map_TrueCovs500	8	1	1	1	0.00135824891972886	19.95300017304	0.0772749327850624	0.029656865349178	0.0617745757554746	4.35892435312271	490	NA	NA	NA	NA	NA	NA	NA	NA	Simulation_02	Scenario_B_corr	94751
mcmc_TrueCovs500	8	1	1	1	0.00216073308800785	20.7603277410177	0.0758712679514152	0.0296653590818097	0.0617434688012758	11.2353285272916	NA	235.814266872937	401.279578878594	623.168366645548	1423.83936407191	1488.34219220435	150	150	150	Simulation_02	Scenario_B_corr	94751
map_TrueCovs	8	1	1	1	0.00130987063005822	18.1733886566	0.00876414630742809	0.00227180533502995	0.0563753462104421	6.22163089513779	350	NA	NA	NA	NA	NA	NA	NA	NA	Simulation_03	Scenario_B_corr	101590
CompNMFBase	8	1	1	1	0.00448706342804689	56.942956639541	0.38912721354825	0.17011160532962	0.181779512917406	0.00380912621815999	5142	NA	NA	NA	NA	NA	NA	NA	NA	Simulation_03	Scenario_B_corr	101590
map_CopyOnly	8	1	1	1	0.0045148632925611	56.207600662485	0.38912721354825	0.170043532928563	0.181751310025653	1.95797899166743	410	NA	NA	NA	NA	NA	NA	NA	NA	Simulation_03	Scenario_B_corr	101590
map_Full	8	1	1	1	0.00130986439237262	18.1944097418028	0.117998833992182	0.00300744409728145	0.0563369609952564	6.67920510371526	360	NA	NA	NA	NA	NA	NA	NA	NA	Simulation_03	Scenario_B_corr	101590
mcmc_Full	8	1	1	1	0.00237922456218706	22.7723063391614	0.11776288697023	0.0036305278549459	0.0563024874082377	21.008095395565	NA	290.497587929695	446.292988907621	744.230659347016	1373.31072944599	1413.84700959406	116.74682822779	113.279715656286	104.959421526125	Simulation_03	Scenario_B_corr	101590
SignatureAnalyzer	8	1	1	1	0.00351765403643472	55.1740006730699	0.38912721354825	0.170111593941171	0.181779490945807	0.376970541477203	NA	NA	NA	NA	NA	NA	NA	NA	NA	Simulation_03	Scenario_B_corr	101590
map_TrueCovs200	8	1	1	1	0.00131542033746855	18.3138598462564	0.118190344564408	0.0208770850614343	0.0606951953911291	5.07166591087977	360	NA	NA	NA	NA	NA	NA	NA	NA	Simulation_03	Scenario_B_corr	101590
mcmc_TrueCovs200	8	1	1	1	0.00237528868129024	22.6443807480015	0.116943149082001	0.0209824883847011	0.0606685258203628	16.7712471922239	NA	299.434332281095	445.254493896415	740.007524527888	1459.41975048215	1397.23514339013	150	150	102.430220559643	Simulation_03	Scenario_B_corr	101590
map_TrueCovs500	8	1	1	1	0.00133545881929936	18.5087835103035	0.118509468339034	0.0367991200425243	0.0674104291723951	4.01648240089416	360	NA	NA	NA	NA	NA	NA	NA	NA	Simulation_03	Scenario_B_corr	101590
mcmc_TrueCovs500	8	1	1	1	0.0024014595459042	22.9162933842789	0.11828381910632	0.0368563534214204	0.0673913189451816	13.587837266922	NA	289.832043945555	441.130033348609	737.860536044638	1467.95764794749	1466.30272189584	150	150	150	Simulation_03	Scenario_B_corr	101590
map_TrueCovs	8	1	1	1	0.00160991997470567	21.0382781470088	0.0232859294601563	0.00282464804903147	0.0566962236183401	16.3547728697459	970	NA	NA	NA	NA	NA	NA	NA	NA	Simulation_04	Scenario_B_corr	104558
CompNMFBase	8	1	1	1	0.00348815903046859	35.6258456316926	0.35066182839966	0.202759786014296	0.208477888431179	0.00214375257492065	2763	NA	NA	NA	NA	NA	NA	NA	NA	Simulation_04	Scenario_B_corr	104558
map_CopyOnly	8	1	1	1	0.0035411907947538	36.3215381431699	0.35066182839966	0.201532211948149	0.20727476695619	6.514663875103	1200	NA	NA	NA	NA	NA	NA	NA	NA	Simulation_04	Scenario_B_corr	104558
map_Full	8	1	1	1	0.00162255908241617	21.13676357626	0.0531155564137693	0.00366769546877458	0.0566496278500617	16.5930326342583	930	NA	NA	NA	NA	NA	NA	NA	NA	Simulation_04	Scenario_B_corr	104558
mcmc_Full	8	1	1	1	0.00242493167429077	23.4256620817068	0.054987068436269	0.00335662974626986	0.0566508630279372	21.0895248730977	NA	262.161500206167	383.160851058498	677.544776216594	1394.42773693746	1450.90887768587	319.748457632699	150	150	Simulation_04	Scenario_B_corr	104558
SignatureAnalyzer	8	1	1	1	0.00338001017101239	33.3155784575788	0.35066182839966	0.202759762357709	0.208477854925228	0.233832621574402	NA	NA	NA	NA	NA	NA	NA	NA	NA	Simulation_04	Scenario_B_corr	104558
map_TrueCovs200	8	1	1	1	0.00160701578896103	21.1567034986684	0.0527716376209433	0.0224248682008249	0.0600147783339664	10.9045161883036	940	NA	NA	NA	NA	NA	NA	NA	NA	Simulation_04	Scenario_B_corr	104558
mcmc_TrueCovs200	8	1	1	1	0.00241834550658509	23.1215751391015	0.0519881664521252	0.0223820638896103	0.0600179028828797	12.3643456538518	NA	269.231221757068	379.009254263329	670.23473943735	1389.04035541515	1316.88688879234	150	150	150	Simulation_04	Scenario_B_corr	104558
map_TrueCovs500	8	1	1	1	0.00161432561312597	21.0595441824475	0.053026778309144	0.044692443791692	0.070620697628096	7.17700160741806	910	NA	NA	NA	NA	NA	NA	NA	NA	Simulation_04	Scenario_B_corr	104558
mcmc_TrueCovs500	8	1	1	1	0.00240664194287943	23.1449447493314	0.0537365827836563	0.0446678638109911	0.0706187427359591	8.08509783744812	NA	249.377002620713	377.368609780195	672.87396121348	1330.32912382314	1421.60579886948	150	150	102.380250564023	Simulation_04	Scenario_B_corr	104558
map_TrueCovs	8	1	1	1	0.00141214026411319	22.4701441749924	0.0145050048177319	0.00203320294922404	0.0558141697482165	14.4027076562246	860	NA	NA	NA	NA	NA	NA	NA	NA	Simulation_05	Scenario_B_corr	101463
CompNMFBase	8	1	1	1	0.00289015959620897	42.8336471660642	0.37193293846335	0.219714867403523	0.227222750614013	0.00801813999811808	2474	NA	NA	NA	NA	NA	NA	NA	NA	Simulation_05	Scenario_B_corr	101463
map_CopyOnly	8	1	1	1	0.00286827835611365	42.5924401333741	0.37193293846335	0.220161542987166	0.227654222919119	8.25203109582265	1600	NA	NA	NA	NA	NA	NA	NA	NA	Simulation_05	Scenario_B_corr	101463
map_Full	8	1	1	1	0.00141258671545259	22.3814374294956	0.12841480572784	0.00241957119677788	0.0558479719274307	19.6171746810277	1120	NA	NA	NA	NA	NA	NA	NA	NA	Simulation_05	Scenario_B_corr	101463
mcmc_Full	8	1	1	1	0.00183773447214551	26.6566884497116	0.129814482341438	0.00254050062174371	0.055846380979369	20.9053831497828	NA	249.881808456279	385.500633622364	591.516460938727	1347.34845496622	1349.42328983236	150	134.80259531527	150	Simulation_05	Scenario_B_corr	101463
SignatureAnalyzer	8	1	1	1	0.00247578845381972	39.2082383049538	0.37193293846335	0.21971484710197	0.227222732669336	0.150733860333761	NA	NA	NA	NA	NA	NA	NA	NA	NA	Simulation_05	Scenario_B_corr	101463
map_TrueCovs200	8	1	1	1	0.00142129532269363	22.4275146586652	0.128546858942778	0.0291997873541655	0.0629894993656462	14.1041120568911	1390	NA	NA	NA	NA	NA	NA	NA	NA	Simulation_05	Scenario_B_corr	101463
mcmc_TrueCovs200	8	1	1	1	0.00181992784315964	26.752844327422	0.127956288216145	0.0292023023479428	0.0629877271356131	9.13535932699839	NA	232.668815541071	381.76598421201	596.365998282862	1423.54364350408	1443.95682069752	150	190.804691449134	150	Simulation_05	Scenario_B_corr	101463
map_TrueCovs500	8	1	1	1	0.00140954149133804	22.4175778815696	0.128959166359688	0.0447331738045505	0.0716254799956983	7.11599375406901	1120	NA	NA	NA	NA	NA	NA	NA	NA	Simulation_05	Scenario_B_corr	101463
mcmc_TrueCovs500	8	1	1	1	0.00183499379185493	26.8805858599726	0.128299611485611	0.0447320751532218	0.0716234251090999	6.26394629478455	NA	245.401508635693	380.412651394655	589.245500508239	1383.44295040196	1395.59974085752	220.062299658841	150	150	Simulation_05	Scenario_B_corr	101463
map_TrueCovs	8	1	1	1	0.00201564621529907	21.7129139362621	0.0154436531587147	0.0022113948971794	0.0611777972078884	26.2032628178596	1290	NA	NA	NA	NA	NA	NA	NA	NA	Simulation_06	Scenario_B_corr	119397
CompNMFBase	8	1	1	1	0.00374341875415341	50.8903221339693	0.358450133895108	0.179530742727915	0.190845204506481	0.0442939519882202	13483	NA	NA	NA	NA	NA	NA	NA	NA	Simulation_06	Scenario_B_corr	119397
map_CopyOnly	8	1	1	1	0.00429454552893689	71.8825565856607	0.358450133895108	0.179882890884727	0.191184200168758	4.24405811627706	780	NA	NA	NA	NA	NA	NA	NA	NA	Simulation_06	Scenario_B_corr	119397
map_Full	8	1	1	1	0.00199712662992856	21.6008425774633	0.0550835344246516	0.00307307467859971	0.0611785236378957	25.2149577776591	1150	NA	NA	NA	NA	NA	NA	NA	NA	Simulation_06	Scenario_B_corr	119397
mcmc_Full	8	1	1	1	0.00343690520497672	25.7311677103726	0.0551568369750544	0.00339796304550564	0.0611653197354884	21.7856528520584	NA	236.743639623433	409.221760404377	592.123825084738	1370.47585069987	1435.11949874753	150	150	208.282846167546	Simulation_06	Scenario_B_corr	119397
SignatureAnalyzer	8	1	1	1	0.00361497067934034	73.3887944844075	0.358450133895108	0.179530707704122	0.190845181210295	0.163155444463094	NA	NA	NA	NA	NA	NA	NA	NA	NA	Simulation_06	Scenario_B_corr	119397
map_TrueCovs200	8	1	1	1	0.00199166971693883	21.6262821517829	0.0554750151159578	0.0211521617078646	0.0645139215961438	11.4074290394783	1220	NA	NA	NA	NA	NA	NA	NA	NA	Simulation_06	Scenario_B_corr	119397
mcmc_TrueCovs200	8	1	1	1	0.00337780114323476	25.4727291968243	0.0566539709619248	0.0211984963853858	0.0645039704060807	9.15505563020706	NA	208.524111860689	402.429376237931	580.829129485204	1318.59293449185	1438.20647221229	150	150	150	Simulation_06	Scenario_B_corr	119397
map_TrueCovs500	8	1	1	1	0.0020099036456755	21.648368379166	0.0555932148504848	0.033829314382125	0.0706778468398174	3.38636715014776	1160	NA	NA	NA	NA	NA	NA	NA	NA	Simulation_06	Scenario_B_corr	119397
mcmc_TrueCovs500	8	1	1	1	0.00345536099664356	25.6661591453555	0.0534287092939551	0.0338678877875885	0.0706797244816609	3.6223019083341	NA	206.259795392173	401.859701324311	568.990312235847	1337.02449930641	1466.18263519592	150	117.044301462647	83.4205455580593	Simulation_06	Scenario_B_corr	119397
map_TrueCovs	8	1	1	1	0.00160110860634657	19.442054156706	0.0146578708900386	0.00167214561326448	0.0476320757655468	3.22759623130163	300	NA	NA	NA	NA	NA	NA	NA	NA	Simulation_07	Scenario_B_corr	72809
CompNMFBase	8	1	1	1	0.00431116528316556	58.3814817725666	0.326357927525724	0.0699154756503499	0.08536780771933	0.020165745417277	6818	NA	NA	NA	NA	NA	NA	NA	NA	Simulation_07	Scenario_B_corr	72809
map_CopyOnly	8	1	1	1	0.0043406253727436	58.2902320096466	0.326357927525724	0.069243816635315	0.0847998871982577	1.19109989404678	430	NA	NA	NA	NA	NA	NA	NA	NA	Simulation_07	Scenario_B_corr	72809
map_Full	8	1	1	1	0.00160534395485336	19.4060626828976	0.044812484820871	0.00194283742200273	0.0476461105846748	4.36596046686172	290	NA	NA	NA	NA	NA	NA	NA	NA	Simulation_07	Scenario_B_corr	72809
mcmc_Full	8	1	1	1	0.00253152392901809	22.8837257080625	0.0471662107564314	0.00181979516926205	0.0476412869404342	17.5124346017838	NA	214.532467089204	368.679883336699	547.814061539951	1270.16431908268	1482.59695226934	150	150	150	Simulation_07	Scenario_B_corr	72809
SignatureAnalyzer	8	1	1	1	0.00351334216407161	58.4230656144777	0.326357927525724	0.069915412749466	0.0853677373459856	0.378158140182495	NA	NA	NA	NA	NA	NA	NA	NA	NA	Simulation_07	Scenario_B_corr	72809
map_TrueCovs200	8	1	1	1	0.00161819932700994	19.4274835170767	0.0450361972667216	0.00742024904549419	0.0481879357246924	2.86254458824794	290	NA	NA	NA	NA	NA	NA	NA	NA	Simulation_07	Scenario_B_corr	72809
mcmc_TrueCovs200	8	1	1	1	0.00254612460157163	23.2552113395485	0.0474088934579463	0.00740407482989446	0.0481877287111087	12.0087027390798	NA	230.842044443929	362.932746928045	544.486360399888	1436.67539321766	1362.38883660329	150	150	150	Simulation_07	Scenario_B_corr	72809
map_TrueCovs500	8	1	1	1	0.00163398783083032	19.4666902428055	0.0436341978002449	0.012882366513189	0.0496155383519764	2.08236136833827	280	NA	NA	NA	NA	NA	NA	NA	NA	Simulation_07	Scenario_B_corr	72809
mcmc_TrueCovs500	8	1	1	1	0.0025341162727165	23.1197284301645	0.0469615754192483	0.0128729152612222	0.0496108634408247	10.9700263063113	NA	214.562971655828	367.646461380709	542.165655278674	1365.18999738159	1485.31798288017	150	150	150	Simulation_07	Scenario_B_corr	72809
map_TrueCovs	8	1	1	1	0.00126209405148535	22.7820599229611	0.0115119992315453	0.00212414624689739	0.0604541872328847	12.9295995354652	670	NA	NA	NA	NA	NA	NA	NA	NA	Simulation_08	Scenario_B_corr	117964
CompNMFBase	8	1	1	1	0.00356198281379321	50.7492814841814	0.406612662529984	0.192010823710025	0.201168342311189	0.00876317421595255	2845	NA	NA	NA	NA	NA	NA	NA	NA	Simulation_08	Scenario_B_corr	117964
map_CopyOnly	8	1	1	1	0.00352715063118285	51.7371171275154	0.406612662529984	0.191193900463181	0.200368823965272	4.59793505271276	770	NA	NA	NA	NA	NA	NA	NA	NA	Simulation_08	Scenario_B_corr	117964
map_Full	8	1	1	1	0.00126702728965575	22.7091540099083	0.129105489387662	0.0037785578797803	0.0604029327740049	16.0328906615575	810	NA	NA	NA	NA	NA	NA	NA	NA	Simulation_08	Scenario_B_corr	117964
mcmc_Full	8	1	1	1	0.00221047156126504	27.7234766814974	0.131133891708057	0.00370426809336921	0.0603922350709674	21.4846471428871	NA	295.245202186536	395.217000940057	700.186919997956	1395.01039097334	1471.54712471136	112.666138975514	116.785416451634	150	Simulation_08	Scenario_B_corr	117964
SignatureAnalyzer	8	1	1	1	0.00266681686163548	47.7408902869155	0.406612662529984	0.192010816389308	0.201168325313548	0.165308630466461	NA	NA	NA	NA	NA	NA	NA	NA	NA	Simulation_08	Scenario_B_corr	117964
map_TrueCovs200	8	1	1	1	0.00126651798627081	22.6978630619305	0.128659566631045	0.0229540704853584	0.0643931644087367	10.5553850094477	930	NA	NA	NA	NA	NA	NA	NA	NA	Simulation_08	Scenario_B_corr	117964
mcmc_TrueCovs200	8	1	1	1	0.0022220475313889	27.8057512237504	0.127871370038492	0.0229424423333386	0.064386154289458	12.6442386190097	NA	266.544626121713	401.282011413846	705.78973326472	1330.7662900877	1467.17880913598	229.96853210752	150	244.324365883797	Simulation_08	Scenario_B_corr	117964
map_TrueCovs500	8	1	1	1	0.00128267907728675	22.7820057330631	0.13010986050979	0.0422838208324666	0.0734265096218737	7.74786013364792	980	NA	NA	NA	NA	NA	NA	NA	NA	Simulation_08	Scenario_B_corr	117964
mcmc_TrueCovs500	8	1	1	1	0.0022426736518308	28.0160830929106	0.130081670685911	0.0422844821879216	0.0734233626164554	6.69553853670756	NA	290.004026768225	395.560539937197	696.001504000705	1367.58722464664	1339.68466039766	150	150	114.732086950687	Simulation_08	Scenario_B_corr	117964
map_TrueCovs	8	1	1	1	0.00157331014735372	21.1801939380758	0.0137780558289482	0.00195238481381159	0.0490374174401297	2.16747641166051	180	NA	NA	NA	NA	NA	NA	NA	NA	Simulation_09	Scenario_B_corr	77003
CompNMFBase	8	1	1	1	0.00375334388935599	36.3483898329602	0.337380886346035	0.0747263288719953	0.0895152966442676	0.012863560517629	4423	NA	NA	NA	NA	NA	NA	NA	NA	Simulation_09	Scenario_B_corr	77003
map_CopyOnly	8	1	1	1	0.00387086795444057	45.8089105417457	0.337380886346035	0.0738633477320876	0.0887846085849545	3.03312707344691	730	NA	NA	NA	NA	NA	NA	NA	NA	Simulation_09	Scenario_B_corr	77003
map_Full	8	1	1	1	0.00157086928713051	21.135079523204	0.0784965867614361	0.00314123110712888	0.0490283774560176	2.52649184862773	180	NA	NA	NA	NA	NA	NA	NA	NA	Simulation_09	Scenario_B_corr	77003
mcmc_Full	8	1	1	1	0.00242594755915354	26.7532998237452	0.0800965434126396	0.00306194306362435	0.0490149195865113	16.6713212251663	NA	248.275133130865	344.313811170875	612.619503850016	1460.52395379741	1378.44683309094	150	150	150	Simulation_09	Scenario_B_corr	77003
SignatureAnalyzer	8	1	1	1	0.00370170479205462	46.6411076599097	0.337380886346035	0.0747262570460799	0.0895152357098976	0.62015411456426	NA	NA	NA	NA	NA	NA	NA	NA	NA	Simulation_09	Scenario_B_corr	77003
map_TrueCovs200	8	1	1	1	0.00156623033305434	21.0569451926197	0.0782734148879199	0.00689547497406878	0.049476813337291	1.74576191504796	180	NA	NA	NA	NA	NA	NA	NA	NA	Simulation_09	Scenario_B_corr	77003
mcmc_TrueCovs200	8	1	1	1	0.00243051160254835	26.9405802836658	0.0782623930844499	0.00685338856730399	0.0494586446854019	12.969003200531	NA	253.844463804889	344.308007270469	612.90421267611	1390.56233961504	1457.89344798228	150.127000974648	150	150	Simulation_09	Scenario_B_corr	77003
map_TrueCovs500	8	1	1	1	0.00157979630206295	21.1258436969791	0.0802104060996569	0.0121356281490771	0.050305763831426	1.5512754480044	180	NA	NA	NA	NA	NA	NA	NA	NA	Simulation_09	Scenario_B_corr	77003
mcmc_TrueCovs500	8	1	1	1	0.00245508751015668	26.6785975152521	0.0794446180412887	0.0121121399647114	0.0502855405723839	10.7192972699801	NA	239.808465250576	342.092541957313	613.520343866476	1411.17283333398	1366.64919249374	150	244.3585528005	116.26354969456	Simulation_09	Scenario_B_corr	77003
map_TrueCovs	8	1	1	1	0.00135430760678701	20.3795063235835	0.0120752890111197	0.00189038686790035	0.0555750326993648	3.28860543966293	190	NA	NA	NA	NA	NA	NA	NA	NA	Simulation_10	Scenario_B_corr	99900
CompNMFBase	8	1	1	1	0.00267548596652065	41.723485828206	0.339914793236795	0.105352969072649	0.119188824343312	0.0211689233779907	6964	NA	NA	NA	NA	NA	NA	NA	NA	Simulation_10	Scenario_B_corr	99900
map_CopyOnly	8	1	1	1	0.00287408685482928	44.5202950778724	0.339914793236795	0.105359781923312	0.119167158582674	4.55691399971644	960	NA	NA	NA	NA	NA	NA	NA	NA	Simulation_10	Scenario_B_corr	99900
map_Full	8	1	1	1	0.001352158344033	20.3915944742959	0.0276543895897442	0.0028361866962583	0.0555717061031675	3.21791532437007	200	NA	NA	NA	NA	NA	NA	NA	NA	Simulation_10	Scenario_B_corr	99900
mcmc_Full	8	1	1	1	0.00171962469890604	22.4949468598506	0.026728882934501	0.00269145282520206	0.0555755465772819	19.7617632428805	NA	265.362183749762	461.152388795247	691.542442194105	1473.79640120315	1382.89123388002	150	150	150	Simulation_10	Scenario_B_corr	99900
SignatureAnalyzer	8	1	1	1	0.00272880333563331	86.5064155124078	0.339914793236795	0.10535292230401	0.119188795618015	0.429299954573313	NA	NA	NA	NA	NA	NA	NA	NA	NA	Simulation_10	Scenario_B_corr	99900
map_TrueCovs200	8	1	1	1	0.00135511498379531	20.3773307332709	0.0277074262328814	0.0153060628036923	0.0574912821939471	2.47024393081665	200	NA	NA	NA	NA	NA	NA	NA	NA	Simulation_10	Scenario_B_corr	99900
mcmc_TrueCovs200	8	1	1	1	0.0017417492114032	22.5194078529762	0.0267680667553725	0.0152717366309652	0.0574876893893923	16.0213043570519	NA	270.840400179931	466.927957970767	686.095266349561	1532.17778959456	1410.46261509683	150	340.209467173736	209.218983158741	Simulation_10	Scenario_B_corr	99900
map_TrueCovs500	8	1	1	1	0.00134156775913465	20.4959634336343	0.0281174962747423	0.0239294719994261	0.0602846541612785	2.04981427590052	200	NA	NA	NA	NA	NA	NA	NA	NA	Simulation_10	Scenario_B_corr	99900
mcmc_TrueCovs500	8	1	1	1	0.00173822176769431	22.7555169111567	0.0276872517716655	0.0239172934575633	0.0602895087590345	11.289111773173	NA	283.613410165235	457.026052373191	670.650780546364	1422.24465578815	1420.55095177403	150	150	150	Simulation_10	Scenario_B_corr	99900
map_TrueCovs	8	1	1	1	0.00149254904742492	19.6595464931117	0.0200530444981978	0.00204739997852065	0.0487463048754466	2.65396711031596	210	NA	NA	NA	NA	NA	NA	NA	NA	Simulation_11	Scenario_B_corr	76447
CompNMFBase	8	1	1	1	0.00295426749306248	50.8075217735666	0.322795916626182	0.0601024647864314	0.0776380900100315	0.0130743185679118	3727	NA	NA	NA	NA	NA	NA	NA	NA	Simulation_11	Scenario_B_corr	76447
map_CopyOnly	8	1	1	1	0.00302161948458283	51.980681215922	0.322795916626182	0.0594180000480064	0.0770994530573559	1.49167277812958	310	NA	NA	NA	NA	NA	NA	NA	NA	Simulation_11	Scenario_B_corr	76447
map_Full	8	1	1	1	0.00149109640594059	19.6647659886055	0.0266760663241001	0.00219905193538711	0.0487289680442095	2.99243430693944	200	NA	NA	NA	NA	NA	NA	NA	NA	Simulation_11	Scenario_B_corr	76447
mcmc_Full	8	1	1	1	0.00244878859668425	25.7421064297884	0.0274490321286874	0.0023508245872404	0.0487181311886455	17.4504536469777	NA	252.258599845211	411.785063597534	651.771322122272	1357.74459310121	1418.77705145791	150	150	150	Simulation_11	Scenario_B_corr	76447
SignatureAnalyzer	8	1	1	1	0.00276609027929164	50.4091751105793	0.322795916626182	0.0601024590752925	0.0776380227173096	0.619977104663849	NA	NA	NA	NA	NA	NA	NA	NA	NA	Simulation_11	Scenario_B_corr	76447
map_TrueCovs200	8	1	1	1	0.00149329987851736	19.7031331789341	0.0270000465608656	0.00683823860457051	0.0490930513773119	2.00997316042582	200	NA	NA	NA	NA	NA	NA	NA	NA	Simulation_11	Scenario_B_corr	76447
mcmc_TrueCovs200	8	1	1	1	0.00242062721411839	25.6665307843543	0.0276352326199413	0.00689682554203331	0.0490810669064152	13.0803491552671	NA	236.180502166107	411.280718604352	644.25619508264	1500	1464.75796407901	150	270.988331145109	150	Simulation_11	Scenario_B_corr	76447
map_TrueCovs500	8	1	1	1	0.0014815552961388	19.6607592252654	0.0278773970368434	0.0119098221051846	0.0502013785961557	1.71878999471664	200	NA	NA	NA	NA	NA	NA	NA	NA	Simulation_11	Scenario_B_corr	76447
mcmc_TrueCovs500	8	1	1	1	0.00244205664316545	25.8324194473098	0.0292578483234075	0.0119397433959351	0.0501917856718069	10.5697039326032	NA	243.215042804406	410.794933866001	647.425556627587	1461.69686027325	1372.03116867784	150	116.477366142972	150	Simulation_11	Scenario_B_corr	76447
map_TrueCovs	8	1	1	1	0.00128448500779744	24.7759137905946	0.0118374276803941	0.00303608114164061	0.0551179320197385	2.59913317759832	170	NA	NA	NA	NA	NA	NA	NA	NA	Simulation_12	Scenario_B_corr	98549
CompNMFBase	8	1	1	1	0.00293559459695252	48.7533246097749	0.365899314407365	0.0983925986238884	0.1118790442144	0.0133705218633016	4161	NA	NA	NA	NA	NA	NA	NA	NA	Simulation_12	Scenario_B_corr	98549
map_CopyOnly	8	1	1	1	0.00296517036818235	48.6874439659889	0.365899314407365	0.0977084428231264	0.111276517162494	2.59630662600199	700	NA	NA	NA	NA	NA	NA	NA	NA	Simulation_12	Scenario_B_corr	98549
map_Full	8	1	1	1	0.00128358869920799	24.7895128153216	0.0331104703227169	0.00325527764605478	0.0551099964242787	3.05363904635111	170	NA	NA	NA	NA	NA	NA	NA	NA	Simulation_12	Scenario_B_corr	98549
mcmc_Full	8	1	1	1	0.00178041298443416	32.6709390880841	0.0338248661244918	0.00278137765692516	0.0550961700171506	20.5827488978704	NA	226.691290109355	359.482963118397	615.47844920817	1353.02977229769	1426.44808737826	150	150	150	Simulation_12	Scenario_B_corr	98549
SignatureAnalyzer	8	1	1	1	0.00272218353081744	49.0724921988325	0.365899314407365	0.0983925543152634	0.111879008278459	0.544796057542165	NA	NA	NA	NA	NA	NA	NA	NA	NA	Simulation_12	Scenario_B_corr	98549
map_TrueCovs200	8	1	1	1	0.00128459585207417	25.0174945715821	0.0331467084230455	0.0109487000614454	0.0561303340037708	2.3149671236674	170	NA	NA	NA	NA	NA	NA	NA	NA	Simulation_12	Scenario_B_corr	98549
mcmc_TrueCovs200	8	1	1	1	0.0017837088405039	32.651765716958	0.0327465242637826	0.0108226718203247	0.05611701742165	16.4807017485301	NA	229.12002237844	360.303842225982	624.605680327982	1493.10019908904	1371.88180766858	150	150	150	Simulation_12	Scenario_B_corr	98549
map_TrueCovs500	8	1	1	1	0.00130103090850711	25.3987986169202	0.0346988317638247	0.0195611769875305	0.0581404425337672	1.2010347644488	160	NA	NA	NA	NA	NA	NA	NA	NA	Simulation_12	Scenario_B_corr	98549
mcmc_TrueCovs500	8	1	1	1	0.00180254983505621	32.3537953473084	0.0356396816287945	0.0194929613186668	0.058126088905268	12.3919163505236	NA	216.928237104116	351.829507004084	606.089810722139	1451.22916107399	1366.12393773112	263.343638365079	202.037128660384	310.817684540212	Simulation_12	Scenario_B_corr	98549
map_TrueCovs	8	1	1	1	0.00146350984030964	24.1792186033868	0.0145079834999218	0.00261843935165398	0.0609923753667046	10.2542570710182	510	NA	NA	NA	NA	NA	NA	NA	NA	Simulation_13	Scenario_B_corr	119734
CompNMFBase	8	1	1	1	0.00296648480200657	57.3516528799695	0.361233647958114	0.184572262253608	0.193657251134484	0.00951332251230876	3333	NA	NA	NA	NA	NA	NA	NA	NA	Simulation_13	Scenario_B_corr	119734
map_CopyOnly	8	1	1	1	0.00303545636641211	60.7885112031722	0.361233647958114	0.184204490292707	0.193306947542845	2.93294015328089	520	NA	NA	NA	NA	NA	NA	NA	NA	Simulation_13	Scenario_B_corr	119734
map_Full	8	1	1	1	0.00146496701056361	24.1341867414615	0.0450833799186363	0.00370189133813589	0.0609346311580342	10.6386537631353	520	NA	NA	NA	NA	NA	NA	NA	NA	Simulation_13	Scenario_B_corr	119734
mcmc_Full	8	1	1	1	0.00216226480243194	29.5864486038144	0.0451965257842534	0.00337991572087628	0.0609230435568255	27.4585223396619	NA	280.51073135143	406.851347087455	662.646360146192	1272.12013118149	1418.11954142641	195.274809236689	219.388268049277	150	Simulation_13	Scenario_B_corr	119734
SignatureAnalyzer	8	1	1	1	0.00293711168061762	65.6512346013529	0.361233647958114	0.184572235056337	0.193657236085141	0.119165774186452	NA	NA	NA	NA	NA	NA	NA	NA	NA	Simulation_13	Scenario_B_corr	119734
map_TrueCovs200	8	1	1	1	0.00146515987954162	24.0244350842676	0.0454134932008597	0.0225751951309471	0.0644684251180803	7.47122685511907	520	NA	NA	NA	NA	NA	NA	NA	NA	Simulation_13	Scenario_B_corr	119734
mcmc_TrueCovs200	8	1	1	1	0.00217096757205723	29.2848548768709	0.0458486468413206	0.0225282289657372	0.0644612799932802	12.4396034598351	NA	258.116890298614	406.451786389721	665.208839725145	1447.99517806345	1428.80751326283	150	150	150	Simulation_13	Scenario_B_corr	119734
map_TrueCovs500	8	1	1	1	0.00147545805150188	24.054024419041	0.0442482010939784	0.0389681697745907	0.0719351506451415	4.96986464659373	510	NA	NA	NA	NA	NA	NA	NA	NA	Simulation_13	Scenario_B_corr	119734
mcmc_TrueCovs500	8	1	1	1	0.0021834228570698	29.5339269611097	0.045292969668586	0.038951242078446	0.0719385603375126	6.83220932881037	NA	265.401020117638	403.308284332577	660.91823516805	1347.06256939725	1276.97917254498	150	150	150	Simulation_13	Scenario_B_corr	119734
map_TrueCovs	8	1	1	1	0.0016784999885118	21.5058608418473	0.0144473333775715	0.00259274560572517	0.0523889297657468	9.25271430810293	690	NA	NA	NA	NA	NA	NA	NA	NA	Simulation_14	Scenario_B_corr	87731
CompNMFBase	8	1	1	1	0.00264480289773722	35.2210717553956	0.336583151754497	0.114781614234096	0.126140832637039	0.0104403297106425	3735	NA	NA	NA	NA	NA	NA	NA	NA	Simulation_14	Scenario_B_corr	87731
map_CopyOnly	8	1	1	1	0.00271368283199217	35.1471974111928	0.336583151754497	0.114026483348394	0.125462069703052	3.2880687435468	610	NA	NA	NA	NA	NA	NA	NA	NA	Simulation_14	Scenario_B_corr	87731
map_Full	8	1	1	1	0.00167093802572728	21.4857592864504	0.04123109375816	0.00297612781890532	0.0524072682420058	9.751990934213	540	NA	NA	NA	NA	NA	NA	NA	NA	Simulation_14	Scenario_B_corr	87731
mcmc_Full	8	1	1	1	0.00288868418589948	26.3878287411184	0.0405804638702457	0.00280915314335777	0.0523897115423476	18.8075506806374	NA	250.815265184236	383.421360876537	610.812569850961	1281.47045777777	1394.56618656339	115.522052490672	150	150	Simulation_14	Scenario_B_corr	87731
SignatureAnalyzer	8	1	1	1	0.00238828961479105	35.0182798873757	0.336583151754497	0.114781520685169	0.126140792573123	0.189609086513519	NA	NA	NA	NA	NA	NA	NA	NA	NA	Simulation_14	Scenario_B_corr	87731
map_TrueCovs200	8	1	1	1	0.00167743243335455	21.4543572676185	0.0406320232666388	0.0128719206572307	0.0538652184765932	5.66174557209015	580	NA	NA	NA	NA	NA	NA	NA	NA	Simulation_14	Scenario_B_corr	87731
mcmc_TrueCovs200	8	1	1	1	0.00292979602737687	26.5510283030263	0.0417152492575862	0.0128422015745811	0.0538494213901535	10.6622171401978	NA	235.499050767212	386.232117032371	604.864020426398	1405.88280450177	1475.17063124365	150	150	150	Simulation_14	Scenario_B_corr	87731
map_TrueCovs500	8	1	1	1	0.00167491606442544	21.4529037178007	0.041665129431078	0.0232179050525056	0.0571032899125227	3.85169440110524	540	NA	NA	NA	NA	NA	NA	NA	NA	Simulation_14	Scenario_B_corr	87731
mcmc_TrueCovs500	8	1	1	1	0.00293941510973923	26.6014894908295	0.0423044585459766	0.0232000236274456	0.0570861464412114	7.65938980579376	NA	229.660818219192	386.046800330095	599.087712236736	1276.25650050209	1355.57455916345	168.844591488983	150	150	Simulation_14	Scenario_B_corr	87731
map_TrueCovs	8	1	1	1	0.00132026035442109	20.4089573344525	0.0101879626403423	0.00215042151441039	0.0508110555496338	3.0588184873263	200	NA	NA	NA	NA	NA	NA	NA	NA	Simulation_15	Scenario_B_corr	81487
CompNMFBase	8	1	1	1	0.00264002775198334	34.5553388123759	0.409578195282875	0.0692278967244863	0.0858694810230107	0.0174138148625692	4222	NA	NA	NA	NA	NA	NA	NA	NA	Simulation_15	Scenario_B_corr	81487
map_CopyOnly	8	1	1	1	0.00265573035777541	34.6305755619342	0.409578195282875	0.0692281380554336	0.0858579737718321	1.81611774365107	400	NA	NA	NA	NA	NA	NA	NA	NA	Simulation_15	Scenario_B_corr	81487
map_Full	8	1	1	1	0.00131526263521188	20.3637365113438	0.0631034269555711	0.00281555011498798	0.0508321300048499	3.23923567136129	190	NA	NA	NA	NA	NA	NA	NA	NA	Simulation_15	Scenario_B_corr	81487
mcmc_Full	8	1	1	1	0.00190434307432176	23.881502106362	0.0625937283269867	0.00252530774389129	0.0508153892284977	18.4229013085365	NA	238.146980088842	432.731398613248	610.840114717744	1500	1319.72569736691	150	150	150	Simulation_15	Scenario_B_corr	81487
SignatureAnalyzer	8	1	1	1	0.00209241620461277	34.6662478954217	0.409578195282875	0.0692278360073279	0.0858694353753992	0.276568865776062	NA	NA	NA	NA	NA	NA	NA	NA	NA	Simulation_15	Scenario_B_corr	81487
map_TrueCovs200	8	1	1	1	0.00132552972616523	20.4329610362741	0.0622832198584611	0.00830044068473519	0.0513737674217137	1.81532556215922	190	NA	NA	NA	NA	NA	NA	NA	NA	Simulation_15	Scenario_B_corr	81487
mcmc_TrueCovs200	8	1	1	1	0.00195655900818872	24.2262764411617	0.0611439365652469	0.00819064531361418	0.0513551326807551	12.9246748010317	NA	262.5140093097	429.47868045416	591.932490126746	1413.27968434686	1364.46833935755	150	191.747529745106	150	Simulation_15	Scenario_B_corr	81487
map_TrueCovs500	8	1	1	1	0.00132868511978855	20.4300360468086	0.0627398204528539	0.0138900116872128	0.0524522555986389	1.56152181228002	180	NA	NA	NA	NA	NA	NA	NA	NA	Simulation_15	Scenario_B_corr	81487
mcmc_TrueCovs500	8	1	1	1	0.00192609075684852	24.2487421978765	0.0625001526812866	0.0138292187709694	0.0524328467465839	7.89432119925817	NA	245.891908357129	432.023911851301	605.869435273211	1439.90725220674	1372.21598693687	171.257226382788	150	118.098651240854	Simulation_15	Scenario_B_corr	81487
map_TrueCovs	8	1	1	1	0.00185471982954454	18.37210479289	0.00885620525095114	0.00224275032725652	0.048771518612756	4.94824216365814	350	NA	NA	NA	NA	NA	NA	NA	NA	Simulation_16	Scenario_B_corr	77572
CompNMFBase	8	1	1	1	0.00311360752444804	34.8952379824222	0.351105707039736	0.0739297177995154	0.0880591008716638	0.0118602871894836	3979	NA	NA	NA	NA	NA	NA	NA	NA	Simulation_16	Scenario_B_corr	77572
map_CopyOnly	8	1	1	1	0.00338934805704645	39.8779722038426	0.351105707039736	0.0733578590018095	0.0876077866377494	2.09020240306854	610	NA	NA	NA	NA	NA	NA	NA	NA	Simulation_16	Scenario_B_corr	77572
map_Full	8	1	1	1	0.00185675415500514	18.3726667927989	0.0525533926923694	0.00274507684779205	0.048777738550977	5.85269090334574	350	NA	NA	NA	NA	NA	NA	NA	NA	Simulation_16	Scenario_B_corr	77572
mcmc_Full	8	1	1	1	0.00262280202370273	23.0425711272936	0.051617098446779	0.00259213112335102	0.0487628072569475	16.9138494729996	NA	214.947563174316	385.856991827125	606.86036433437	1376.02666739496	1444.02513506178	188.012571186845	95.5806020174323	150	Simulation_16	Scenario_B_corr	77572
SignatureAnalyzer	8	1	1	1	0.00297583026937684	49.9875721220741	0.351105707039736	0.0739296163684451	0.0880590338089067	0.340837013721466	NA	NA	NA	NA	NA	NA	NA	NA	NA	Simulation_16	Scenario_B_corr	77572
map_TrueCovs200	8	1	1	1	0.00187101230243026	18.3824027905072	0.0537473547900627	0.00929954255920274	0.0498218013299739	3.36185863812764	340	NA	NA	NA	NA	NA	NA	NA	NA	Simulation_16	Scenario_B_corr	77572
mcmc_TrueCovs200	8	1	1	1	0.00263807197962719	23.5126991074106	0.0532016466190024	0.00925098901040127	0.0498135686958798	11.6901357372602	NA	226.032116567157	386.420257788405	596.024370111875	1354.37819203313	1458.13049516466	150	150	150	Simulation_16	Scenario_B_corr	77572
map_TrueCovs500	8	1	1	1	0.00186167204263362	18.349656250807	0.055075003484113	0.0158648879104623	0.0512251729745641	2.15155965487162	350	NA	NA	NA	NA	NA	NA	NA	NA	Simulation_16	Scenario_B_corr	77572
mcmc_TrueCovs500	8	1	1	1	0.00266086673047594	23.1215913041387	0.0535263698244236	0.0158339755649654	0.0512135830076978	7.69248137871424	NA	235.855047072157	383.265564589602	605.175589742297	1385.81363715005	1417.17297006382	109.335536828485	150	150	Simulation_16	Scenario_B_corr	77572
map_TrueCovs	8	1	1	1	0.00151156015541847	20.3896664718242	0.0232907749926152	0.00243947657005929	0.0569247845985446	3.74736693700155	230	NA	NA	NA	NA	NA	NA	NA	NA	Simulation_17	Scenario_B_corr	104992
CompNMFBase	8	1	1	1	0.00289466224099443	41.7793668554428	0.346872708782725	0.140151139969968	0.151362739379825	0.0278027057647705	9035	NA	NA	NA	NA	NA	NA	NA	NA	Simulation_17	Scenario_B_corr	104992
map_CopyOnly	8	1	1	1	0.00288414530747526	42.2132496864336	0.346872708782725	0.139434275040933	0.150682157213369	1.96891963084539	400	NA	NA	NA	NA	NA	NA	NA	NA	Simulation_17	Scenario_B_corr	104992
map_Full	8	1	1	1	0.00151602253446961	20.430415136386	0.0645215787850342	0.00331807966121685	0.0568802087517535	4.11724143822988	230	NA	NA	NA	NA	NA	NA	NA	NA	Simulation_17	Scenario_B_corr	104992
mcmc_Full	8	1	1	1	0.00266250534749634	23.749485665119	0.0622119786908259	0.00323948786181457	0.0568754686160365	18.8119359493256	NA	237.635504653857	411.849952311559	652.981037228772	1389.46354489306	1435.89015873325	150	150	150	Simulation_17	Scenario_B_corr	104992
SignatureAnalyzer	8	1	1	1	0.00264329756713334	42.001834609491	0.346872708782725	0.140151119238986	0.151362708788945	0.269798489411672	NA	NA	NA	NA	NA	NA	NA	NA	NA	Simulation_17	Scenario_B_corr	104992
map_TrueCovs200	8	1	1	1	0.00152006122170472	20.4438108034553	0.0647434811712724	0.0175650630393506	0.0598679114220525	2.06183986266454	230	NA	NA	NA	NA	NA	NA	NA	NA	Simulation_17	Scenario_B_corr	104992
mcmc_TrueCovs200	8	1	1	1	0.00267647672570114	23.7704783484594	0.0647995326590949	0.0175518164451529	0.0598651283315138	9.53593478600184	NA	253.510772749836	413.379966825009	659.122853165813	1343.77634589093	1397.91850495993	150	99.0923780372321	150	Simulation_17	Scenario_B_corr	104992
map_TrueCovs500	8	1	1	1	0.001524471706843	20.4033236667431	0.0650531918012642	0.0320259365827927	0.0655449976676319	1.23144878149033	230	NA	NA	NA	NA	NA	NA	NA	NA	Simulation_17	Scenario_B_corr	104992
mcmc_TrueCovs500	8	1	1	1	0.00263861702524236	23.6958238234096	0.064672791615418	0.0320150889770338	0.0655418280758264	8.00604511896769	NA	249.678466872857	407.911590798039	651.740362958383	1456.61857367453	1408.00311526186	266.967284385687	150	150	Simulation_17	Scenario_B_corr	104992
map_TrueCovs	8	1	1	1	0.00120440088649815	21.420786831947	0.0135655424629006	0.00381103171552996	0.0689058505912951	18.8780155301094	800	NA	NA	NA	NA	NA	NA	NA	NA	Simulation_18	Scenario_B_corr	154427
CompNMFBase	8	0.875	0.875	0.875	0.00305500108295445	52.5887000369383	0.446573896184287	0.384715941839903	0.388851988659823	0.00654569466908773	2417	NA	NA	NA	NA	NA	NA	NA	NA	Simulation_18	Scenario_B_corr	154427
map_CopyOnly	8	0.875	0.875	0.875	0.00302717405124123	52.2485276245366	0.446573896184287	0.386391179287409	0.390535116361668	7.34364643494288	1090	NA	NA	NA	NA	NA	NA	NA	NA	Simulation_18	Scenario_B_corr	154427
map_Full	8	1	1	1	0.00120620331385104	21.4303742236399	0.0493991643147781	0.00485971619818014	0.0688870711078432	10.728297261397	750	NA	NA	NA	NA	NA	NA	NA	NA	Simulation_18	Scenario_B_corr	154427
mcmc_Full	8	1	1	1	0.00152365195211483	24.7299824422153	0.0499145462068249	0.00453524010531529	0.0689134961784315	12.5249452233315	NA	299.686635419558	422.317997645436	764.019272011608	1503.58010745558	1429.89800102578	115.92305872583	150	150	Simulation_18	Scenario_B_corr	154427
SignatureAnalyzer	8	0.875	0.875	0.875	0.00300491640072755	50.8408107738032	0.446573896184287	0.384715928656312	0.388851981083816	0.105327014128367	NA	NA	NA	NA	NA	NA	NA	NA	NA	Simulation_18	Scenario_B_corr	154427
map_TrueCovs200	8	1	1	1	0.00120334243842806	21.4061953585338	0.0500726852351608	0.0594432214780218	0.0885791983053293	4.69433685143789	750	NA	NA	NA	NA	NA	NA	NA	NA	Simulation_18	Scenario_B_corr	154427
mcmc_TrueCovs200	8	1	1	1	0.00152824457109578	24.930513490077	0.0510713009638993	0.0594192173601346	0.0885948898681314	4.55314628680547	NA	300.114926594415	421.291710593979	772.303145738279	1446.0578177144	1385.57624310638	150	150	292.888448592041	Simulation_18	Scenario_B_corr	154427
map_TrueCovs500	8	1	1	1	0.0012006151994078	21.4958222800471	0.0505947315111945	0.107213090607803	0.127072471429543	2.89281984965007	750	NA	NA	NA	NA	NA	NA	NA	NA	Simulation_18	Scenario_B_corr	154427
mcmc_TrueCovs500	8	1	1	1	0.00151077002737009	24.6867389427743	0.0521327966242728	0.107188360363148	0.127070871109755	3.93259141047796	NA	314.314126491512	415.539253486733	759.509025166429	1395.90261936545	1481.47575778181	150	116.216889441978	150	Simulation_18	Scenario_B_corr	154427
map_TrueCovs	9	1	1	1	0.0117224432554656	139.988495070074	0.118757935873365	0.00155696861260874	0.05284377652014	10.1772124330203	650	NA	NA	NA	NA	NA	NA	NA	NA	Simulation_19	Scenario_B_corr	87099
CompNMFBase	8	1	1	1	0.00326164790155317	39.1210031393141	0.363199981085134	0.0700491885194319	0.0883046815503514	0.0133261601130168	4590	NA	NA	NA	NA	NA	NA	NA	NA	Simulation_19	Scenario_B_corr	87099
map_CopyOnly	8	1	1	1	0.00370488176821045	43.2359191209392	0.363199981085134	0.0704154226721036	0.0886143089299076	1.50642004410426	380	NA	NA	NA	NA	NA	NA	NA	NA	Simulation_19	Scenario_B_corr	87099
map_Full	8	1	1	1	0.00146747552988757	18.7662352881728	0.0333022271304784	0.00197305351735102	0.0528387396201814	4.9933718919754	360	NA	NA	NA	NA	NA	NA	NA	NA	Simulation_19	Scenario_B_corr	87099
mcmc_Full	8	1	1	1	0.00239431808382246	24.1690679173581	0.0341548437938596	0.00207461237151368	0.0528263906340369	14.2115128318469	NA	251.218876803257	383.353500552194	664.44125444187	1395.65527024954	1366.2265543999	150	219.032713044073	269.675589329022	Simulation_19	Scenario_B_corr	87099
SignatureAnalyzer	8	1	1	1	0.00280756392213802	35.2119585686435	0.363199981085134	0.0700491554870803	0.0883046313069353	0.172008391221364	NA	NA	NA	NA	NA	NA	NA	NA	NA	Simulation_19	Scenario_B_corr	87099
map_TrueCovs200	8	1	1	1	0.00147582409145082	18.889575781959	0.0332173517517319	0.00743544045126934	0.0534391160978735	1.74627759853999	320	NA	NA	NA	NA	NA	NA	NA	NA	Simulation_19	Scenario_B_corr	87099
mcmc_TrueCovs200	8	1	1	1	0.00239142386345225	24.2772427348309	0.0337438787837111	0.00745990672657634	0.0534277301357951	7.94645733833313	NA	267.002548111523	378.446718821413	667.360398814685	1456.58236682311	1403.59245099103	150	164.715374192839	150	Simulation_19	Scenario_B_corr	87099
map_TrueCovs500	8	1	1	1	0.00148482165169213	18.9974807972179	0.0324983839506899	0.0131626564616479	0.0545137985058691	1.93877326250076	340	NA	NA	NA	NA	NA	NA	NA	NA	Simulation_19	Scenario_B_corr	87099
mcmc_TrueCovs500	8	1	1	1	0.00242767201058771	24.7502976321478	0.0331533663799518	0.0131812359989449	0.0545026255190864	6.18278453350067	NA	237.742557773581	379.670729563075	659.227482339048	1472.8346884673	1386.27989859494	150	111.110617802061	150	Simulation_19	Scenario_B_corr	87099
map_TrueCovs	8	1	1	1	0.00138947785553117	16.8390556980896	0.0115724240531174	0.00213611606488078	0.0473656769602935	3.63079687356949	280	NA	NA	NA	NA	NA	NA	NA	NA	Simulation_20	Scenario_B_corr	73312
CompNMFBase	8	1	1	1	0.00417445404620286	40.6833377621721	0.332219496727253	0.0479002709291816	0.0671935776130983	0.010178554058075	3267	NA	NA	NA	NA	NA	NA	NA	NA	Simulation_20	Scenario_B_corr	73312
map_CopyOnly	8	1	1	1	0.00461311510507577	52.4686196623794	0.332219496727253	0.0475957194605614	0.0669607917522717	1.49544278383255	390	NA	NA	NA	NA	NA	NA	NA	NA	Simulation_20	Scenario_B_corr	73312
map_Full	8	1	1	1	0.00139950860143991	16.8961775328487	0.0478962124144103	0.00275803382642808	0.0473518720027287	3.9797287662824	270	NA	NA	NA	NA	NA	NA	NA	NA	Simulation_20	Scenario_B_corr	73312
mcmc_Full	8	1	1	1	0.00249095836495141	20.5964059775093	0.0489193112919672	0.00269924477175362	0.0473459822876249	15.2449175914129	NA	249.237139819447	421.403401169897	666.054733719363	1475.29530965463	1385.92962832872	210.076389139561	150	208.170390811514	Simulation_20	Scenario_B_corr	73312
SignatureAnalyzer	8	1	1	1	0.00353662436542831	48.6540605675278	0.332219496727253	0.0479001118346135	0.0671935029886821	0.332770109176636	NA	NA	NA	NA	NA	NA	NA	NA	NA	Simulation_20	Scenario_B_corr	73312
map_TrueCovs200	8	1	1	1	0.00139763592857762	16.8798687351663	0.0480323924450536	0.00611427644607591	0.047720504903104	1.52873710393906	270	NA	NA	NA	NA	NA	NA	NA	NA	Simulation_20	Scenario_B_corr	73312
mcmc_TrueCovs200	8	1	1	1	0.00246805713695812	20.5850437784362	0.0485098341828725	0.00605991465949107	0.0477129452538351	9.05055992205938	NA	247.768760379544	418.972810044393	650.507544802532	1422.24823424	1473.20088274862	114.338212972791	90.1509020755082	150	Simulation_20	Scenario_B_corr	73312
map_TrueCovs500	8	1	1	1	0.00142451160596861	17.0510178882265	0.0481788273844385	0.0101606129899171	0.0484677911398931	1.70596159696579	270	NA	NA	NA	NA	NA	NA	NA	NA	Simulation_20	Scenario_B_corr	73312
mcmc_TrueCovs500	8	1	1	1	0.00254530626678363	21.1712490507949	0.0488244561767226	0.0101269160350178	0.0484635769742032	6.95870344638824	NA	244.302999017508	418.595189861904	657.081410699219	1503.14342734659	1301.4701810044	128.013328583208	150	150	Simulation_20	Scenario_B_corr	73312
