1,1,61735,18227960,2,1,2,1
2,1,18228861,18233159,2,1,7,3
3,1,18236619,20893965,2,1,2,1
4,1,20894450,20895874,2,1,0,0
5,1,20900123,29161825,2,1,2,1
6,1,29161999,29192399,2,1,0,0
7,1,29194818,42329510,2,1,2,1
8,1,42330585,43135438,2,1,2,0
9,1,43135818,83041505,2,1,2,1
10,1,83049032,83057803,2,1,6,3
11,1,83058155,121482979,2,1,2,1
12,1,143982530,190463807,2,1,3,1
13,1,190464647,194382101,2,1,5,1
14,1,194384526,194395146,2,1,2,0
15,1,194395281,214941595,2,1,5,1
16,1,214942039,215114776,2,1,6,1
17,1,215116632,235622647,2,1,5,1
18,1,235626086,236590039,2,1,4,1
19,1,236590137,241535050,2,1,5,1
20,1,241535719,241546682,2,1,9,2
21,1,241546751,249224388,2,1,5,1
22,2,12784,2948589,2,1,2,1
23,2,2949312,3819767,2,1,3,1
24,2,3820672,3839131,2,1,5,2
25,2,3841699,20251758,2,1,2,1
26,2,20252270,20252695,2,1,8,3
27,2,20253731,24561943,2,1,2,1
28,2,24565530,24587571,2,1,0,0
29,2,24588256,41633072,2,1,2,1
30,2,41633212,42308573,2,1,2,0
31,2,42308573,88291781,2,1,2,1
32,2,88295232,92305784,2,1,3,1
33,2,95327887,112438399,2,1,1,0
34,2,112438639,112466700,2,1,2,0
35,2,112467132,117230217,2,1,1,0
36,2,117231184,117231607,2,1,6,2
37,2,117231705,127842237,2,1,1,0
38,2,127842324,127858646,2,1,5,3
39,2,127860830,135340840,2,1,1,0
40,2,135341120,135483433,2,1,0,0
41,2,135483534,149954672,2,1,1,0
42,2,149955591,149976645,2,1,0,0
43,2,149979727,166648934,2,1,1,0
44,2,166652093,167930666,2,1,2,0
45,2,167944952,171943820,2,1,1,0
46,2,171944915,172070784,2,1,0,0
47,2,172073142,174064983,2,1,1,0
48,2,174065729,178570019,2,1,2,0
49,2,178570919,178573464,2,1,0,0
50,2,178573882,191989356,2,1,2,0
51,2,191996006,191998743,2,1,0,0
52,2,191999313,243089456,2,1,2,0
53,3,60345,46721211,2,1,2,1
54,3,46721318,46724548,2,1,7,4
55,3,46725110,64113571,2,1,2,1
56,3,64115156,64116068,2,1,7,4
57,3,64116376,70852740,2,1,2,1
58,3,70853155,85371415,2,1,1,0
59,3,85371951,88532562,2,1,3,1
60,3,88533115,98727058,2,1,2,1
61,3,98727384,98729785,2,1,0,0
62,3,98729907,129687948,2,1,2,1
63,3,129690192,129695714,2,1,8,4
64,3,129698175,197896118,2,1,2,1
65,4,12281,10139191,2,1,2,1
66,4,10141419,10152431,2,1,4,2
67,4,10152878,25792564,2,1,2,1
68,4,25794686,25990513,2,1,2,0
69,4,25991628,26843480,2,1,2,1
70,4,26843494,26849926,2,1,0,0
71,4,26849964,34779054,2,1,2,1
72,4,34786500,34824725,2,1,0,0
73,4,34829872,35471047,2,1,2,1
74,4,35471429,35560777,2,1,1,1
75,4,35561391,42924853,2,1,2,1
76,4,42924962,42938803,2,1,5,2
77,4,42939458,55501728,2,1,2,1
78,4,55501921,55751071,2,1,3,2
79,4,55751945,89587325,2,1,2,1
80,4,89587377,89596841,2,1,0,0
81,4,89597249,99055890,2,1,2,1
82,4,99056877,99063287,2,1,6,3
83,4,99067312,112806848,2,1,2,1
84,4,112810400,113933897,2,1,1,1
85,4,113934034,120252214,2,1,2,1
86,4,120252806,120258207,2,1,0,0
87,4,120260785,175834397,2,1,2,1
88,4,175834792,191027923,2,1,1,0
89,5,15532,2053218,2,1,3,1
90,5,2053253,9975393,2,1,2,1
91,5,9975450,9997198,2,1,1,0
92,5,9997370,38070112,2,1,2,1
93,5,38072705,38079683,2,1,0,0
94,5,38084202,133880331,2,1,2,1
95,5,133887507,134571150,2,1,2,0
96,5,134572661,136028153,2,1,3,1
97,5,136028166,180790320,2,1,2,1
98,6,149661,16744053,2,1,2,1
99,6,16744072,16744265,2,1,0,0
100,6,16744500,24954235,2,1,2,1
101,6,24957103,24958507,2,1,0,0
102,6,24958727,171051005,2,1,2,1
103,7,43259,68169241,2,1,2,1
104,7,68169410,68173073,2,1,9,5
105,7,68174775,68256887,2,1,1,1
106,7,68262726,103471953,2,1,2,1
107,7,103472403,103481730,2,1,0,0
108,7,103483850,143873952,2,1,2,1
109,7,143896252,144066947,2,1,8,0
110,7,144074929,151645370,2,1,2,1
111,7,151646012,151696411,2,1,3,1
112,7,151697839,159127004,2,1,2,1
113,8,31254,5607156,2,1,1,0
114,8,5607214,5615782,2,1,0,0
115,8,5616532,6104612,2,1,1,0
116,8,6104638,6104869,2,1,0,0
117,8,6104977,37540014,2,1,1,0
118,8,37544497,43824048,2,1,2,1
119,8,46847534,52368151,2,1,3,1
120,8,52368610,55084782,2,1,4,1
121,8,55089184,56307408,2,1,3,1
122,8,56307647,57736805,2,1,5,1
123,8,57737640,58145010,2,1,3,1
124,8,58147725,58784875,2,1,1,0
125,8,58784889,59599500,2,1,2,1
126,8,59599875,62108954,2,1,4,1
127,8,62109203,83072572,2,1,2,1
128,8,83073354,83226470,2,1,2,0
129,8,83228457,96306378,2,1,5,1
130,8,96306959,96572941,2,1,7,1
131,8,96573839,98845711,2,1,3,1
132,8,98845753,98847092,2,1,0,0
133,8,98847255,100757656,2,1,3,1
134,8,100758002,101372316,2,1,5,1
135,8,101372374,101768675,2,1,7,1
136,8,101774134,101808862,2,1,2,0
137,8,101810491,104030800,2,1,3,1
138,8,104031024,108047006,2,1,2,1
139,8,108047032,108087175,2,1,1,0
140,8,108087299,110756904,2,1,2,1
141,8,110758154,111173726,2,1,1,0
142,8,111173806,111181385,2,1,0,0
143,8,111181468,111223406,2,1,4,1
144,8,111228485,114620807,2,1,9,1
145,8,114620948,121348831,2,1,13,2
146,8,121358527,129275406,2,1,12,2
147,8,129277640,130646164,2,1,8,1
148,8,130646265,132218566,2,1,11,2
149,8,132219189,132865811,2,1,7,1
150,8,132868221,133034922,2,1,2,0
151,8,133034998,133130744,2,1,2,1
152,8,133130867,133131119,2,1,0,0
153,8,133131336,133614661,2,1,2,1
154,8,133617600,135500832,2,1,4,1
155,8,135502945,136598595,2,1,7,1
156,8,136598801,138355858,2,1,8,1
157,8,138356650,138370785,2,1,3,0
158,8,138373077,138577525,2,1,2,0
159,8,138577660,138672870,2,1,3,1
160,8,138673560,138796872,2,1,2,0
161,8,138797096,145764544,2,1,2,1
162,8,145764560,146298155,2,1,1,0
163,9,37747,32088080,2,1,1,0
164,9,32088304,32090238,2,1,4,1
165,9,32090400,33416830,2,1,1,0
166,9,33416871,37013845,2,1,2,1
167,9,37014521,37045664,2,1,2,0
168,9,37045825,37392866,2,1,1,1
169,9,37393048,38549023,2,1,11,2
170,9,38555236,47217176,2,1,4,0
171,9,65596318,116085423,2,1,2,1
172,9,116089587,116148316,2,1,1,0
173,9,116149310,128133960,2,1,2,1
174,9,128134736,135599897,2,1,3,1
175,9,135600060,135602668,2,1,9,3
176,9,135602727,141091394,2,1,3,1
177,10,72759,49921749,2,1,2,1
178,10,49923404,50588903,2,1,3,1
179,10,50590694,83108668,2,1,2,1
180,10,83109013,83121112,2,1,0,0
181,10,83121183,95594015,2,1,2,1
182,10,95595164,95838070,2,1,3,2
183,10,95838570,110156005,2,1,2,1
184,10,110156433,110158702,2,1,5,3
185,10,110158747,121906667,2,1,2,1
186,10,121908580,122006568,2,1,3,0
187,10,122006715,123003635,2,1,3,1
188,10,123003689,135506704,2,1,2,1
189,11,198572,3629024,2,1,3,1
190,11,3632259,33048527,2,1,2,1
191,11,33049709,33079580,2,1,0,0
192,11,33082001,78448370,2,1,2,1
193,11,78449121,79094154,2,1,3,1
194,11,79094336,95251427,2,1,2,1
195,11,95251590,95252960,2,1,5,2
196,11,95253056,119989497,2,1,2,1
197,11,119989569,120076116,2,1,4,2
198,11,120078286,121004151,2,1,2,1
199,11,121004851,121008220,2,1,0,0
200,11,121012978,124947155,2,1,2,1
201,11,124948039,124956298,2,1,6,2
202,11,124957465,134944770,2,1,2,1
203,12,150442,12039518,2,1,2,1
204,12,12039753,12058056,2,1,3,2
205,12,12058411,32076346,2,1,2,1
206,12,32076622,32081569,2,1,0,0
207,12,32082565,40462732,2,1,2,1
208,12,40463404,40470262,2,1,0,0
209,12,40474113,52923981,2,1,2,1
210,12,52925256,52925659,2,1,13,6
211,12,52925969,56076975,2,1,2,1
212,12,56077418,58374946,2,1,1,0
213,12,58379996,63919488,2,1,2,1
214,12,63919989,64128225,2,1,6,2
215,12,64134805,133778189,2,1,2,1
216,13,19026949,39464377,2,1,1,0
217,13,39465070,39470826,2,1,0,0
218,13,39472882,39536650,2,1,2,0
219,13,39536949,53645705,2,1,1,0
220,13,53645933,53646138,2,1,6,2
221,13,53646726,115108397,2,1,1,0
222,14,19002124,48788425,2,1,2,1
223,14,48791659,48913499,2,1,0,0
224,14,48916983,52555811,2,1,2,1
225,14,52557123,52570837,2,1,4,2
226,14,52571583,53796527,2,1,2,1
227,14,53796608,53803613,2,1,5,2
228,14,53804129,63189783,2,1,2,1
229,14,63191094,65939405,2,1,3,1
230,14,65942151,70399820,2,1,2,1
231,14,70400892,70403529,2,1,8,3
232,14,70403547,78445710,2,1,2,1
233,14,78449427,78455398,2,1,6,2
234,14,78455537,103617118,2,1,2,1
235,14,103617809,103918423,2,1,1,1
236,14,103918773,107285437,2,1,3,1
237,15,20016328,27772540,2,1,2,1
238,15,27772659,28080112,2,1,3,1
239,15,28080166,46235831,2,1,2,1
240,15,46236144,46236465,2,1,0,0
241,15,46240713,57105888,2,1,2,1
242,15,57109234,57113923,2,1,0,0
243,15,57114071,66338647,2,1,2,1
244,15,66338728,69026985,2,1,3,1
245,15,69028656,87050351,2,1,2,1
246,15,87050430,87050833,2,1,11,5
247,15,87050994,102469040,2,1,2,1
248,16,60777,21948770,2,1,3,1
249,16,21949122,58285203,2,1,2,1
250,16,58288959,58298471,2,1,5,2
251,16,58298743,80160214,2,1,2,1
252,16,80162607,80162895,2,1,0,0
253,16,80163354,90287535,2,1,2,1
254,17,526,2881079,2,1,2,1
255,17,2881291,3534514,2,1,1,0
256,17,3536778,6365913,2,1,2,1
257,17,6373244,7534404,2,1,1,0
258,17,7535092,8270460,2,1,2,0
259,17,8282211,8615714,2,1,1,0
260,17,8615739,10357184,2,1,0,0
261,17,10357281,11665034,2,1,1,0
262,17,11670595,11819357,2,1,0,0
263,17,11822450,12566335,2,1,1,0
264,17,12566613,12612477,2,1,0,0
265,17,12613035,14875048,2,1,1,0
266,17,14875713,16701526,2,1,0,0
267,17,16709547,22235650,2,1,1,0
268,17,25270411,34338078,2,1,2,1
269,17,34342628,34359972,2,1,8,4
270,17,34360175,34401918,2,1,10,0
271,17,34402939,34485091,2,1,16,8
272,17,34528125,36443117,2,1,2,1
273,17,36447363,37101380,2,1,1,0
274,17,37107219,38999652,2,1,16,3
275,17,38999722,46805081,2,1,1,0
276,17,46807134,48018405,2,1,12,2
277,17,48019578,49320630,2,1,7,1
278,17,49328606,50526095,2,1,1,0
279,17,50526188,51552824,2,1,3,1
280,17,51554862,51577443,2,1,5,0
281,17,51578978,52936835,2,1,7,1
282,17,52937108,53590384,2,1,3,1
283,17,53595380,53633464,2,1,4,1
284,17,53633552,53655910,2,1,5,1
285,17,53659653,53845518,2,1,9,0
286,17,53845590,54012827,2,1,14,4
287,17,54017904,54446961,2,1,5,1
288,17,54447733,54572895,2,1,3,0
289,17,54578920,56041042,2,1,3,1
290,17,56045571,56522533,2,1,7,1
291,17,56528629,57480798,2,1,19,4
292,17,57480869,57554450,2,1,25,5
293,17,57565337,57783042,2,1,24,5
294,17,57783358,57865479,2,1,21,4
295,17,57869746,59975372,2,1,10,2
296,17,59983862,63079910,2,1,3,1
297,17,63079923,64504644,2,1,2,1
298,17,64507560,64513891,2,1,1,0
299,17,64518433,65323093,2,1,3,1
300,17,65323611,65716396,2,1,1,0
301,17,65716966,65917864,2,1,0,0
302,17,65918510,66223579,2,1,3,1
303,17,66223667,66735227,2,1,8,2
304,17,66736067,68004998,2,1,4,1
305,17,68008690,81049726,2,1,2,1
306,18,48133,2168028,2,1,2,1
307,18,2168296,2168596,2,1,0,0
308,18,2168672,20554819,2,1,2,1
309,18,20561838,20644484,2,1,1,0
310,18,20645313,78015057,2,1,2,1
311,19,90910,11080491,2,1,2,1
312,19,11080672,11666591,2,1,2,0
313,19,11667495,38679154,2,1,2,1
314,19,38682126,41269109,2,1,1,0
315,19,41269365,59097854,2,1,2,1
316,20,61305,42646435,2,1,2,1
317,20,42646809,42664594,2,1,6,3
318,20,42665043,54154030,2,1,2,1
319,20,54154102,54453943,2,1,3,1
320,20,54454306,62956153,2,1,2,1
321,21,10736871,20303819,2,1,1,0
322,21,20303954,35838533,2,1,2,1
323,21,35839067,35839234,2,1,0,0
324,21,35841186,41231762,2,1,2,1
325,21,41232033,43590550,2,1,1,0
326,21,43590811,48096957,2,1,2,1
327,22,16052528,26760668,2,1,2,1
328,22,26761183,26767140,2,1,0,0
329,22,26767267,51234455,2,1,2,1
330,23,119805,10134939,2,1,2,1
331,23,10135365,10138335,2,1,5,3
332,23,10138370,23925653,2,1,2,1
333,23,23929506,24263595,2,1,1,1
334,23,24265650,40427482,2,1,2,1
335,23,40428404,40428611,2,1,6,2
336,23,40429910,59336852,2,1,2,1
337,23,61728829,67407442,2,1,2,0
338,23,67408506,73397060,2,1,2,1
339,23,73398783,78019369,2,1,2,0
340,23,78019838,85568809,2,1,2,1
341,23,85568853,85586147,2,1,0,0
342,23,85586835,87754810,2,1,2,1
343,23,87754976,87756731,2,1,0,0
344,23,87757033,153551383,2,1,2,1
345,23,153554404,153555535,2,1,0,0
346,23,153556555,155182354,2,1,3,1
347,24,2649553,59033810,0,0,0,0
