"scenario","signature","partner","cosine","present","mu","m"
"reference","SigN01","SigN01",1,TRUE,723.617962382087,157007
"reference","SigN02","SigN02",1,TRUE,368.62566615991,102425
"reference","SigN03","SigN03",1,TRUE,587.465852281539,149663
"reference","SigN04","SigN04",1,TRUE,298.443395719598,64954
"reference","SigN05","SigN05",1,TRUE,451.498238492225,113668
"reference","SigN06","SigN06",1,TRUE,238.548044665918,32139
"reference","SigN07","SigN07",1,TRUE,213.036043850025,50359
"reference","SigN08","SigN08",1,TRUE,118.128521375562,21617
"reference","SigN09","SigN09",1,TRUE,57.7776002000868,10013
"reference","SigN10","SigN10",1,TRUE,34.4148361170116,5259
"reference","Extra01",NA,NA,FALSE,NA,NA
"reference","Extra02",NA,NA,FALSE,NA,NA
"reference","Extra03",NA,NA,FALSE,NA,NA
"K15","SigN01","SigN01",0.999904572128925,TRUE,737.349759337331,163973
"K15","SigN02","SigN04",0.999934728281676,TRUE,349.817249118842,96757
"K15","SigN03","SigN02",0.983818719764882,TRUE,504.251061160115,128266
"K15","SigN04","SigN06",0.986712471004918,TRUE,209.518008932167,48320
"K15","SigN05","SigN03",0.93702422013151,TRUE,378.446346282433,93375
"K15","SigN06","SigN05",0.946714366965843,TRUE,232.547568682946,49118
"K15","SigN07","SigN09",0.705366576978537,TRUE,121.566603676576,25772
"K15","SigN08","SigN11",0.991587926254211,TRUE,66.4840473144775,13979
"K15","SigN09","SigN12",0.998657509077344,TRUE,57.9291377806259,10037
"K15","SigN10","SigN13",0.886393299956109,TRUE,13.6456922719114,2890
"K15","Extra01","SigN07",1,TRUE,153.774103995626,24776
"K15","Extra02","SigN08",1,TRUE,146.703165283291,24434
"K15","Extra03","SigN10",1,TRUE,116.509981890228,25407
"K20","SigN01","SigN01",0.99970775080932,TRUE,736.137220680149,162554
"K20","SigN02","SigN04",0.999985648816095,TRUE,351.463819830785,94916
"K20","SigN03","SigN02",0.996649847383528,TRUE,637.407390545636,157518
"K20","SigN04","SigN03",0.988643573532698,TRUE,413.118578193982,99416
"K20","SigN05",NA,NA,FALSE,NA,NA
"K20","SigN06","SigN07",0.912123697888087,TRUE,195.047109247398,45464
"K20","SigN07","SigN06",0.999264965978875,TRUE,212.663336663331,50244
"K20","SigN08","SigN08",0.996732897686629,TRUE,132.52440550859,23975
"K20","SigN09","SigN10",0.999370005050064,TRUE,54.7964674292008,9352
"K20","SigN10","SigN11",0.989395699373282,TRUE,29.7645804482935,4655
"K20","Extra01","SigN09",0.907156237679626,TRUE,67.0577106846766,7422
"K20","Extra02","SigN05",0.702570246546033,TRUE,260.571657856819,51588
"K20","Extra03",NA,NA,FALSE,NA,NA
"K12_c0_10","SigN01","SigN01",0.999974204428606,TRUE,728.90289175378,159544
"K12_c0_10","SigN02","SigN03",0.99990131337781,TRUE,364.915129076577,101627
"K12_c0_10","SigN03","SigN05",0.961126474568801,TRUE,309.650742634912,72541
"K12_c0_10","SigN04","SigN06",0.988331647449606,TRUE,243.085409156889,58112
"K12_c0_10","SigN05","SigN02",0.96974061878522,TRUE,393.392935610814,98163
"K12_c0_10","SigN06","SigN04",0.909240624891975,TRUE,323.385825437204,77916
"K12_c0_10","SigN07","SigN08",0.999897560835906,TRUE,213.355921795559,50605
"K12_c0_10","SigN08","SigN10",0.991832516554044,TRUE,68.8624071432872,13783
"K12_c0_10","SigN09","SigN11",0.999263600494393,TRUE,53.7203465626365,9443
"K12_c0_10","SigN10","SigN12",0.99078947332645,TRUE,27.9973908464984,4439
"K12_c0_10","Extra01","SigN09",0.992077403503312,TRUE,146.147752746112,23842
"K12_c0_10","Extra02","SigN07",0.856502365704778,TRUE,216.131694361646,37089
"K12_c0_10","Extra03",NA,NA,FALSE,NA,NA
"K12_c0_1","SigN01","SigN01",0.999971642631347,TRUE,728.238306287756,159214
"K12_c0_1","SigN02","SigN03",0.999897813863005,TRUE,365.694375605071,101966
"K12_c0_1","SigN03","SigN05",0.960312137584584,TRUE,308.430614168339,72262
"K12_c0_1","SigN04","SigN06",0.988438781895489,TRUE,244.032436164106,58293
"K12_c0_1","SigN05","SigN02",0.97025401680757,TRUE,394.80622271611,98458
"K12_c0_1","SigN06","SigN04",0.91087265558401,TRUE,321.622267230146,76976
"K12_c0_1","SigN07","SigN08",0.999898945200376,TRUE,213.383010215469,50607
"K12_c0_1","SigN08","SigN10",0.991783689343545,TRUE,69.4078510300984,13895
"K12_c0_1","SigN09","SigN11",0.999257438359267,TRUE,53.6965829737538,9442
"K12_c0_1","SigN10","SigN12",0.990756040969204,TRUE,27.8686741364799,4413
"K12_c0_1","Extra01","SigN09",0.99193523689807,TRUE,142.834260629441,23237
"K12_c0_1","Extra02","SigN07",0.851258164281701,TRUE,219.533850688392,38341
"K12_c0_1","Extra03",NA,NA,FALSE,NA,NA
"K20_c0_10","SigN01","SigN01",0.999741144854871,TRUE,736.280128109597,162567
"K20_c0_10","SigN02","SigN04",0.999980928515523,TRUE,350.327320857793,94715
"K20_c0_10","SigN03","SigN02",0.997139257084347,TRUE,630.619219452512,158051
"K20_c0_10","SigN04","SigN03",0.988843413466267,TRUE,423.083893954677,101319
"K20_c0_10","SigN05",NA,NA,FALSE,NA,NA
"K20_c0_10","SigN06","SigN07",0.906923496252283,TRUE,186.919889062607,42953
"K20_c0_10","SigN07","SigN06",0.999176844590117,TRUE,212.404371308335,50237
"K20_c0_10","SigN08","SigN09",0.99635098588427,TRUE,84.1111194629107,15569
"K20_c0_10","SigN09","SigN10",0.999342045441195,TRUE,54.6725341923999,9328
"K20_c0_10","SigN10","SigN11",0.987828206274025,TRUE,30.5128869289118,4692
"K20_c0_10","Extra01","SigN08",0.995170414765942,TRUE,111.977589661829,13798
"K20_c0_10","Extra02","SigN05",0.705455043420854,TRUE,269.643460108044,53875
"K20_c0_10","Extra03",NA,NA,FALSE,NA,NA
"K20_c0_1","SigN01","SigN01",0.999833294664128,TRUE,733.755118837109,161730
"K20_c0_1","SigN02","SigN04",0.999986352214181,TRUE,354.022390798264,96502
"K20_c0_1","SigN03","SigN02",0.997346896665336,TRUE,626.091957728746,154606
"K20_c0_1","SigN04","SigN03",0.986306656572405,TRUE,451.112142980022,108426
"K20_c0_1","SigN05",NA,NA,FALSE,NA,NA
"K20_c0_1","SigN06","SigN05",0.946420690834655,TRUE,258.397793409858,60040
"K20_c0_1","SigN07","SigN06",0.999344034355875,TRUE,214.12187026548,50411
"K20_c0_1","SigN08","SigN09",0.997267115058747,TRUE,91.7530707223387,15985
"K20_c0_1","SigN09","SigN10",0.999410533747248,TRUE,54.7884291890405,9405
"K20_c0_1","SigN10","SigN11",0.971741247687009,TRUE,24.1307888683396,3506
"K20_c0_1","Extra01","SigN08",0.994561019080532,TRUE,111.541080823825,13569
"K20_c0_1","Extra02","SigN07",0.70532184424399,TRUE,170.838672443109,32924
"K20_c0_1","Extra03",NA,NA,FALSE,NA,NA
