"sample","chrom","start","observed","expected","log2fc","padj","arm","high_cn","cov_frac"
"DO1001","chr11",8000001,8,1.09953604057084,2.40980934178391,0.012597389927191,"positive",FALSE,NA
"DO1001","chr14",106000001,5,0.378400870262021,2.64648022985313,0.0246817559708815,"positive",FALSE,NA
"DO1002","chr5",173000001,16,3.6001732889621,2.00870923454404,0.00129039837572343,"positive",FALSE,NA
"DO1002","chr11",20000001,26,2.32171897629028,3.23134614192951,3.99432756198306e-15,"positive",FALSE,NA
"DO1003","chr3",135000001,8,0.884628921599511,2.61796345320594,0.00354302483505212,"positive",FALSE,NA
"DO1003","chr5",169000001,12,1.28230846271684,2.81010914521554,2.03502261295253e-05,"positive",FALSE,NA
"DO1003","chr14",106000001,6,0.30789201744609,3.00820533726142,0.000932360483417082,"positive",FALSE,NA
"DO1003","chr18",11000001,20,1.97242771144928,3.05162366436504,1.69100721026684e-10,"positive",FALSE,NA
"DO1004","chr1",58000001,13,3.60527372746866,1.71740908232951,0.0452152876257903,"positive",FALSE,NA
"DO1004","chr2",10001,17,3.73110003226123,2.04825022244871,0.000498053940643964,"positive",FALSE,NA
"DO1004","chr2",34000001,38,4.3198306118961,2.99780409541634,3.09891845344023e-19,"positive",FALSE,NA
"DO1005","chr1",44000001,13,2.55714271642265,2.14270359911451,0.00265776730262837,"positive",FALSE,NA
"DO1005","chr1",67000001,11,2.49848430184965,1.93932853626414,0.0303664251658096,"positive",FALSE,NA
"DO1005","chr5",5000001,13,3.19122656078485,1.87078721185993,0.017291610759119,"positive",FALSE,NA
"DO1005","chr5",128000001,13,1.24185870599559,2.95425990028572,1.62936452912231e-06,"positive",FALSE,NA
"DO1005","chr5",150000001,8,1.26342394669763,2.26908348498614,0.0268561712365221,"positive",FALSE,NA
"DO1005","chr7",84000001,11,2.63102011900817,1.8769291772195,0.0435964835706557,"positive",FALSE,NA
"DO1005","chr7",121000001,22,2.81425091702882,2.76317026533045,1.38810014120266e-09,"positive",FALSE,NA
"DO1005","chr8",146000001,3,0.0386940428307403,2.6998169057796,0.00672358963031867,"positive",FALSE,NA
"DO1005","chr9",91000001,21,3.55631692179216,2.40609437957091,4.98601954835529e-07,"positive",FALSE,NA
"DO1005","chr10",37000001,19,4.2569011149082,2.03538018357961,0.000172781023786979,"positive",FALSE,NA
"DO1005","chr10",38000001,26,1.93201715345139,3.44576705016,6.11045250941873e-17,"positive",FALSE,NA
"DO1005","chr10",121000001,25,2.32976947489989,3.17174081222351,4.47385506626368e-14,"positive",FALSE,NA
"DO1005","chr12",7000001,10,1.58830285713646,2.32998646814859,0.00513680455330441,"positive",FALSE,NA
"DO1005","chr15",92000001,12,2.55290400542859,2.03367396317449,0.010103815718037,"positive",FALSE,NA
"DO1006","chr1",247000001,4,87.3272735623312,-4.28667211205632,8.42060585805631e-28,"negative",TRUE,0.129716
"DO1006","chr4",44000001,10,1.70408858359053,2.25213521495927,0.00844053081189409,"positive",FALSE,NA
"DO1006","chr4",56000001,17,3.47738706577765,2.13746204979672,0.000214236250655172,"positive",FALSE,NA
"DO1006","chr5",12000001,15,4.51141697866623,1.62897772711428,0.0357059233979074,"positive",FALSE,NA
"DO1006","chr8",111000001,20,7.34661059613447,1.38548239928976,0.0392223169916535,"positive",FALSE,NA
"DO1006","chr12",34000001,14,2.84148713367351,2.11749067599696,0.00171861668708799,"positive",FALSE,NA
"DO1006","chr14",107000001,6,0.04081761846514,3.58722566130064,1.56985931450414e-08,"positive",FALSE,NA
"DO1007","chr2",67000001,17,1.22998200234886,3.3385259879021,1.07334451524557e-10,"positive",FALSE,NA
"DO1009","chr3",64000001,9,0.327556687715484,3.52099746827228,1.96411532974454e-07,"positive",FALSE,NA
"DO1009","chr3",167000001,13,2.42733252942657,2.20530086461436,0.00163079744865706,"positive",FALSE,NA
"DO1009","chr3",191000001,7,0.961658131834079,2.35928467773944,0.0318325381099267,"positive",FALSE,NA
"DO1009","chr7",38000001,6,0.701645310775476,2.43542859904561,0.0418392827680542,"positive",FALSE,NA
"DO1009","chr9",9000001,8,1.15290316762985,2.36246063184828,0.0162129915956298,"positive",FALSE,NA
"DO1009","chr9",18000001,6,0.54705487988059,2.63410265709814,0.0142176877313885,"positive",FALSE,NA
"DO1009","chr10",60000001,13,0.967183389092813,3.20183829168458,1.00464105571591e-07,"positive",FALSE,NA
"DO1009","chr10",82000001,7,0.698025656047369,2.64623179144177,0.0063804074538035,"positive",FALSE,NA
"DO1009","chr17",35000001,8,0.394120359755582,3.248921886905,1.65713114010086e-05,"positive",FALSE,NA
"DO1009","chr17",49000001,14,2.35404076147082,2.34497505556552,0.000257878292393387,"positive",FALSE,NA
"DO1009","chr17",74000001,12,1.05502891924964,3.00691477902008,2.75230825206512e-06,"positive",FALSE,NA
"DO1009","chr18",44000001,18,0.66301115433285,3.99158843199622,2.85474588090709e-16,"positive",FALSE,NA
"DO1010","chr3",188000001,25,3.42765943069623,2.69875550370053,1.88797716662747e-10,"positive",FALSE,NA
"DO1010","chr5",156000001,12,2.70771710755343,1.96230927539021,0.0159285733390116,"positive",FALSE,NA
"DO1010","chr8",17000001,14,1.03438924190083,3.24031648482491,1.75140215461256e-08,"positive",FALSE,NA
"DO1010","chr10",54000001,11,2.31272368737433,2.03159412200889,0.0175436861043389,"positive",FALSE,NA
"DO1010","chr11",4000001,12,2.37166632075788,2.12196806782659,0.00562795745791873,"positive",FALSE,NA
"DO1010","chr11",92000001,12,2.73555260260077,1.94984405748045,0.017156322503492,"positive",FALSE,NA
"DO1010","chr11",132000001,15,4.68180029181096,1.58074289571139,0.0486520175056935,"positive",FALSE,NA
"DO1010","chr14",51000001,12,2.07975791310914,2.27662050162376,0.00186193739583886,"positive",FALSE,NA
"DO1010","chr14",103000001,14,1.02612934383659,3.24810375523312,1.58973965611129e-08,"positive",FALSE,NA
"DO1010","chr19",15000001,15,3.86705519360664,1.82753554546074,0.00920401825296473,"positive",FALSE,NA
"DO1010","chrX",290001,10,1.53554062281135,2.36690540948375,0.00404246027674259,"positive",FALSE,NA
"DO1010","chrX",8000001,12,3.04393026755852,1.81850597291262,0.0381233856997562,"positive",FALSE,NA
"DO1010","chrX",79000001,14,3.38022835290753,1.90183943706745,0.00877138601416195,"positive",FALSE,NA
"DO1010","chrX",141000001,14,3.07827961396592,2.0187148682407,0.00371443787213777,"positive",FALSE,NA
"DO1011","chr3",155000001,11,2.51097180354368,1.93333275814991,0.0313817765520437,"positive",FALSE,NA
"DO1011","chr12",108000001,10,1.87786043363258,2.14265338289078,0.0160634002523978,"positive",FALSE,NA
"DO1012","chr2",86000001,15,3.21817263732732,2.05960255324572,0.00150967919531678,"positive",FALSE,NA
"DO1012","chr7",145000001,13,2.94790095688933,1.96916916945829,0.00917900054383641,"positive",FALSE,NA
"DO1012","chr10",30000001,13,3.48868596697111,1.75897395901607,0.03502952792967,"positive",FALSE,NA
"DO1012","chr11",78000001,31,14.1853083285674,1.10097827221602,0.0397745604988534,"positive",TRUE,0.168335
"DO1012","chr13",44000001,11,2.16298400605341,2.11051819234391,0.0109602197323105,"positive",FALSE,NA
"DO1012","chr15",97000001,20,5.11489434979625,1.86829312757707,0.000538885528863038,"positive",FALSE,NA
"DO1012","chr22",29000001,13,2.93300720717623,1.97541461610439,0.00878557966211377,"positive",FALSE,NA
"DO1013","chr1",40000001,13,1.31108876530065,2.89803024459945,2.9214208879815e-06,"positive",FALSE,NA
"DO1013","chr8",39000001,23,1.31279830818528,3.69637043181757,3.51982961219963e-17,"positive",FALSE,NA
"DO1013","chr14",31000001,15,1.67690988748391,2.83191462154279,7.34984683635945e-07,"positive",FALSE,NA
"DO1013","chr14",34000001,11,1.71160312105596,2.37846944329475,0.00179510978790991,"positive",FALSE,NA
"DO1015","chr5",55000001,22,5.61335055183398,1.87988979981548,0.000170535630603414,"positive",TRUE,0.02307
"DO1015","chr5",146000001,12,2.37747387117103,2.1190533617137,0.00575177302245049,"positive",FALSE,NA
"DO1015","chr7",159000001,2,0.00782355099674082,2.29952888632469,0.0173343395183104,"positive",FALSE,NA
"DO1015","chr10",115000001,15,1.09455641729153,3.28104116763721,2.97440842740026e-09,"positive",FALSE,NA
"DO1015","chr10",117000001,9,0.93063176790149,2.73127513067717,0.000672342157027534,"positive",FALSE,NA
"DO1015","chr17",21000001,12,2.52430887291305,2.04725070012841,0.00930287733893392,"positive",FALSE,NA
"DO1015","chr19",24000001,15,3.33232217640807,2.01597745944636,0.00212744917097867,"positive",FALSE,NA
"DO1015","chr19",28000001,17,2.76025011451233,2.4243003699349,1.10360978374582e-05,"positive",FALSE,NA
"DO1015","chr19",29000001,14,3.16926454596287,1.98249007162861,0.00487705797155243,"positive",FALSE,NA
"DO1015","chr19",35000001,8,1.04532298135392,2.45955444007883,0.00940932588631202,"positive",FALSE,NA
"DO1015","chr22",44000001,17,2.74814774233133,2.42966576179837,1.04123330095626e-05,"positive",FALSE,NA
"DO1015","chrX",26000001,9,1.76520233254296,2.06828759292077,0.0432583312724487,"positive",FALSE,NA
"DO1016","chr1",58000001,46,3.16409225405182,3.66570298322243,1.82548684357731e-32,"positive",FALSE,NA
"DO1016","chr2",45000001,12,2.99820706259515,1.83724050333449,0.0339721755363387,"positive",FALSE,NA
"DO1016","chr2",145000001,57,3.12288703967911,3.9883502271668,6.39717322679684e-46,"positive",FALSE,NA
"DO1016","chr2",203000001,21,2.6086802769504,2.78996250938928,2.55769323430395e-09,"positive",FALSE,NA
"DO1016","chr3",72000001,15,1.39436606094688,3.03248117108854,7.24312481051085e-08,"positive",FALSE,NA
"DO1016","chr5",67000001,32,2.47485637246401,3.44954779695609,1.18765214992624e-20,"positive",FALSE,NA
"DO1016","chr6",109000001,29,2.5898920870417,3.25508659576564,5.28547649971702e-17,"positive",FALSE,NA
"DO1016","chr8",108000001,18,4.73761496197968,1.82054336032383,0.0023267856749157,"positive",FALSE,NA
"DO1016","chr8",128000001,33,3.10042088901991,3.21792362306706,6.92080414464508e-19,"positive",FALSE,NA
"DO1016","chr9",117000001,22,2.90282376990174,2.72512065935891,2.41231216625611e-09,"positive",FALSE,NA
"DO1016","chr11",70000001,29,3.03900108487057,3.05930084534463,2.99665850426291e-15,"positive",FALSE,NA
"DO1016","chr11",80000001,12,2.65657627123965,1.98549557892099,0.0139537751879071,"positive",FALSE,NA
"DO1016","chr12",65000001,18,2.96475994892651,2.41669796492308,5.25464379075291e-06,"positive",FALSE,NA
"DO1016","chr12",113000001,13,3.03512708506779,1.93312542243248,0.0115579746298842,"positive",FALSE,NA
"DO1016","chr15",61000001,19,4.44615002291808,1.97909621972528,0.000305937576199783,"positive",FALSE,NA
"DO1016","chr16",52000001,13,1.61521153740815,2.67408555101266,2.88819732220509e-05,"positive",FALSE,NA
"DO1016","chr17",37000001,86,49.1664171879555,0.800429454659545,0.00188851351310855,"positive",TRUE,0.739648
"DO1016","chr17",77000001,9,1.62166460409121,2.16273090255288,0.0258414680345078,"positive",FALSE,NA
"DO1016","chr19",42000001,37,3.09881447015105,3.38129696164038,5.75364031583932e-23,"positive",FALSE,NA
"DO1016","chr19",47000001,13,2.97732913667297,1.95690787445005,0.00987684279825673,"positive",FALSE,NA
"DO1017","chr1",185000001,13,1.07310361255129,3.10127380509645,3.14971607030761e-07,"positive",FALSE,NA
"DO1017","chr10",123000001,9,0.718954309801258,2.96228346316923,0.000102747981936877,"positive",FALSE,NA
"DO1017","chr10",124000001,7,0.470606947895959,2.94993150311253,0.000714740375206775,"positive",FALSE,NA
"DO1017","chr10",130000001,16,1.57867679388964,2.98872866327927,3.96710428758574e-08,"positive",FALSE,NA
"DO1017","chr14",107000001,2,0.00801938207979253,2.298972649673,0.0179626567769857,"positive",FALSE,NA
"DO1018","chr2",132000001,10,1.79662615124288,2.19280139133227,0.0120060102365261,"positive",FALSE,NA
"DO1018","chr3",73000001,44,2.98229534149026,3.67569486449832,2.95273850360428e-31,"positive",TRUE,0.100476
"DO1018","chr3",74000001,39,4.77849439906258,2.90365426419132,1.0240034610139e-18,"positive",TRUE,0.105218
"DO1018","chr3",77000001,14,3.44935935917772,1.87636234798879,0.0103582080577807,"positive",TRUE,0.02352
"DO1018","chr3",78000001,17,3.13990740730942,2.2653812656184,6.04314442835612e-05,"positive",TRUE,0.029234
"DO1018","chr4",54000001,11,2.12389282392412,2.13185316352137,0.00959235517970291,"positive",FALSE,NA
"DO1018","chr4",74000001,17,4.56868913811443,1.78767033055812,0.00493250597355575,"positive",FALSE,NA
"DO1018","chr4",88000001,26,3.07734488610261,2.88903124160205,2.39220121630178e-12,"positive",FALSE,NA
"DO1018","chr4",126000001,27,2.5428754519832,3.17592442945312,3.37342068445691e-15,"positive",FALSE,NA
"DO1018","chr4",128000001,10,2.11969100403187,2.00292076874138,0.0353914876970386,"positive",FALSE,NA
"DO1018","chr4",154000001,14,2.89465549440801,2.09471582470117,0.00205309870531019,"positive",FALSE,NA
"DO1018","chr4",157000001,16,4.3528033899552,1.76557570848002,0.00922786375773491,"positive",FALSE,NA
"DO1018","chr4",164000001,20,2.76836970771053,2.64898081877447,5.05446459949786e-08,"positive",FALSE,NA
"DO1018","chr6",158000001,34,1.20530935501625,4.33849097884019,1.39094035869169e-32,"positive",FALSE,NA
"DO1018","chr8",91000001,25,4.96412335672087,2.22243528804324,2.96623679392228e-07,"positive",TRUE,0.17577
"DO1018","chr10",24000001,33,2.49947905064099,3.48137723517643,1.25477643809713e-21,"positive",FALSE,NA
"DO1018","chr10",55000001,21,7.00684031410451,1.51805896046234,0.00973981383795115,"positive",TRUE,0.049109
"DO1018","chr11",66000001,19,6.7189806007685,1.43360709172893,0.0364429831183672,"positive",TRUE,0.398353
"DO1018","chr11",67000001,12,2.74999312939471,1.94341952154091,0.0177861052222176,"positive",FALSE,NA
"DO1018","chr12",17000001,10,2.11585886086212,2.0050327207147,0.03502952792967,"positive",FALSE,NA
"DO1018","chr12",24000001,10,2.03689629115769,2.04925287984152,0.0271726174679434,"positive",FALSE,NA
"DO1018","chr12",26000001,11,2.39745027981259,1.98877805123018,0.0226428537004666,"positive",FALSE,NA
"DO1018","chr12",66000001,30,5.07813579956271,2.45095428039801,1.43285891070974e-10,"positive",TRUE,0.249399
"DO1018","chr12",71000001,56,9.73375599659672,2.46491512682925,1.8890952829228e-20,"positive",TRUE,0.360188
"DO1018","chr12",72000001,23,3.13746655723966,2.69165486769143,1.49904574566766e-09,"positive",TRUE,0.099297
"DO1018","chr12",73000001,43,5.94493067961357,2.7547786545179,7.00513650343189e-19,"positive",TRUE,0.120075
"DO1018","chr13",49044001,18,1.45909982558468,3.23926245388016,1.25756004516543e-10,"positive",FALSE,NA
"DO1018","chr16",65000001,12,1.71144246026915,2.49886848466874,0.000328281337926977,"positive",FALSE,NA
"DO1018","chr17",7000001,20,1.10469698049828,3.67525110976605,4.80431173620259e-15,"positive",FALSE,NA
"DO1018","chr17",8000001,12,1.86963923318389,2.39918875770376,0.000724713707312965,"positive",FALSE,NA
"DO1018","chr19",37000001,14,2.28385592748913,2.38089644560593,0.000187306185626024,"positive",FALSE,NA
"DO1018","chr20",31000001,25,1.80710033522087,3.46634459413704,1.71761262133265e-16,"positive",FALSE,NA
"DO1018","chr21",18000001,13,1.75742675316914,2.580208324891,6.91769369135676e-05,"positive",FALSE,NA
"DO1018","chrX",31000001,13,3.10925918924505,1.90318475194253,0.014197867795497,"positive",FALSE,NA
"DO1018","chrX",32000001,30,3.28120031285534,3.01189305800549,2.46536149050429e-15,"positive",FALSE,NA
"DO1020","chr6",126000001,363,5.46448720731634,5.92941344538096,0,"positive",FALSE,NA
"DO1020","chr6",127000001,24,7.51367117207469,1.61224653176977,0.00128910577303958,"positive",FALSE,NA
"DO1020","chr6",130000001,165,8.10892522514242,4.26485427013087,8.99890311872608e-145,"positive",FALSE,NA
"DO1020","chr6",131000001,61,7.67743878754118,2.91086545032697,1.86609099712267e-29,"positive",FALSE,NA
"DO1020","chr6",132000001,93,8.84700037919157,3.3223910074417,7.15925351735326e-56,"positive",FALSE,NA
"DO1020","chr6",133000001,51,11.1181890564949,2.14818722093907,1.18489234170458e-14,"positive",FALSE,NA
"DO1020","chr6",134000001,32,7.8565398573765,1.95946211521399,1.8976812520038e-07,"positive",FALSE,NA
"DO1020","chr6",138000001,23,4.67771483460627,2.18227334144703,2.14986592138582e-06,"positive",FALSE,NA
"DO1020","chr12",10000001,22,5.78971998500264,1.8388573058134,0.000267805366111603,"positive",FALSE,NA
"DO1076","chr1",154000001,67,36.8781621636339,0.852691866804156,0.00542927429025215,"positive",FALSE,NA
"DO1076","chr2",148000001,28,11.972913672279,1.19216340121998,0.0298555004535398,"positive",FALSE,NA
"DO1076","chr3",49000001,44,23.3742727751516,0.898348547628506,0.0483321921265372,"positive",FALSE,NA
"DO1076","chr4",3000001,29,12.6487059508566,1.16579413291482,0.0296735548865978,"positive",FALSE,NA
"DO1076","chr4",143000001,29,12.0298292886511,1.23534819552853,0.0170549641731943,"positive",FALSE,NA
"DO1076","chr5",44000001,49,24.7677684925845,0.970130266007969,0.0117240587638277,"positive",FALSE,NA
"DO1076","chr5",86000001,80,24.4603510097083,1.6893505607096,2.87596456874513e-15,"positive",FALSE,NA
"DO1076","chr5",118000001,52,23.7516684193285,1.11423342032466,0.000540681017620894,"positive",FALSE,NA
"DO1076","chr7",2000001,40,12.5306683448525,1.63601082615749,1.03477516217677e-06,"positive",FALSE,NA
"DO1076","chr7",31000001,41,12.3255005610153,1.69409620319628,2.16324662101415e-07,"positive",FALSE,NA
"DO1076","chr7",40000001,28,11.7467112172952,1.2185675453576,0.0245748279754199,"positive",FALSE,NA
"DO1076","chr7",46000001,29,11.9333190462941,1.24650348250486,0.015884568897128,"positive",FALSE,NA
"DO1076","chr7",47000001,27,11.7650920800246,1.16487355368624,0.0465557481731253,"positive",FALSE,NA
"DO1076","chr7",56000001,28,11.9219533656194,1.19806986252212,0.0283995452714108,"positive",FALSE,NA
"DO1076","chr7",57000001,22,8.58125144277148,1.30896197437796,0.0417420760875287,"positive",FALSE,NA
"DO1076","chr7",74000001,2,16.7482917129136,-2.78645348308797,0.00943542646609407,"negative",FALSE,NA
"DO1076","chr7",99000001,56,25.0824796295262,1.14309476062476,0.000149470870461293,"positive",FALSE,NA
"DO1076","chr8",117000001,55,24.0415154877685,1.1772634304008,7.86068877729355e-05,"positive",FALSE,NA
"DO1076","chr9",10001,28,11.1494690578217,1.2906977159088,0.0103689562902349,"positive",FALSE,NA
"DO1076","chr9",39000001,1,15.9079003063703,-3.4513562253761,0.00329315770183287,"negative",FALSE,NA
"DO1076","chr9",40024001,0,12.0075335776225,-4.6447254202705,0.00994501883477466,"negative",FALSE,NA
"DO1076","chr10",37000001,134,22.6388932519099,2.53921440660182,1.27690788570508e-52,"positive",FALSE,NA
"DO1076","chr10",117000001,44,23.3225834060753,0.901475463387593,0.0472414646704071,"positive",FALSE,NA
"DO1076","chr12",122000001,51,23.1122087070558,1.12503943343672,0.000639419666400856,"positive",FALSE,NA
"DO1076","chr13",43004001,73,22.9790285294528,1.64637153335519,3.23288984849784e-13,"positive",FALSE,NA
"DO1076","chr14",68000001,57,22.8113866919701,1.30252712944847,2.62218959433703e-06,"positive",FALSE,NA
"DO1076","chr14",96000001,47,23.954542787363,0.957825021761961,0.014284990411864,"positive",FALSE,NA
"DO1076","chr15",71000001,69,23.8362958530467,1.51390338090663,1.43285891070974e-10,"positive",FALSE,NA
"DO1076","chr16",2000001,49,25.2045535672404,0.945404569393498,0.0139141738035111,"positive",FALSE,NA
"DO1076","chr16",28000001,48,21.5004093388166,1.14045438056861,0.000747317926506783,"positive",FALSE,NA
"DO1076","chr17",78000001,49,25.0664058102441,0.953179168062136,0.0130623581574669,"positive",FALSE,NA
"DO1076","chr19",3000001,49,26.0011656267378,0.901372708651094,0.0249363612268503,"positive",FALSE,NA
"DO1076","chr19",4000001,50,25.1192633001702,0.979054397293077,0.00661858677922481,"positive",FALSE,NA
"DO1076","chr20",33000001,53,24.3986393336122,1.10347198778617,0.000487123396570925,"positive",FALSE,NA
"DO1076","chr20",37000001,49,25.1052461285692,0.95098909823746,0.01327463070447,"positive",FALSE,NA
"DO1076","chrX",19000001,53,25.6551901219627,1.03244163451581,0.00211286809477215,"positive",FALSE,NA
"DO1076","chrX",89000001,1,20.4166690681806,-3.80161871814919,7.41756341258991e-05,"negative",FALSE,NA
"DO217786","chr1",38000001,11,0.803801905900082,3.14083726676815,2.05991347166442e-06,"positive",FALSE,NA
"DO217787","chr4",169000001,11,0.680028118937132,3.2847407180226,3.99145569300331e-07,"positive",FALSE,NA
"DO217787","chr19",5000001,13,0.612490817318699,3.6010940742763,4.93500029272877e-10,"positive",FALSE,NA
"DO217787","chr19",12000001,25,1.38795756615258,3.75559900300755,4.64290039815338e-19,"positive",FALSE,NA
"DO217788","chr7",16000001,9,1.18828503944702,2.49236901326081,0.00369590669936038,"positive",FALSE,NA
"DO217788","chr7",37000001,9,1.37071438386591,2.34433820523078,0.00930287733893392,"positive",FALSE,NA
"DO217788","chr7",39000001,13,1.34196492968567,2.87364190883966,3.75878121289459e-06,"positive",FALSE,NA
"DO217788","chr12",129000001,11,1.96820458986069,2.22009997139783,0.00542611681503689,"positive",FALSE,NA
"DO217788","chr14",85000001,9,1.4779357003342,2.26393198639448,0.0147952145831561,"positive",FALSE,NA
"DO217800","chr17",21000001,23,0.374584582981405,4.74791902948856,6.80419577081143e-29,"positive",FALSE,NA
"DO217826","chr11",8000001,7,0.857078023113187,2.46638692693534,0.0179626567769857,"positive",FALSE,NA
"DO217844","chr2",25000001,29,11.1461562116874,1.34086107936849,0.00470148452941339,"positive",FALSE,NA
"DO217844","chr8",11000001,29,11.9777752321391,1.24135422762062,0.0162975907147241,"positive",FALSE,NA
"DO217844","chr9",73000001,45,12.0527486417932,1.85786324346992,8.96703328036552e-10,"positive",FALSE,NA
"DO217844","chr10",77000001,35,12.5256292145888,1.44646595976487,0.000184431964680833,"positive",FALSE,NA
"DO217844","chr10",94000001,31,10.9593879123257,1.4588218420601,0.000594044151418203,"positive",FALSE,NA
"DO217844","chr10",100000001,29,11.4301724399711,1.3061000584243,0.00675878972188564,"positive",FALSE,NA
"DO217844","chr14",34000001,35,16.3493486270013,1.0751262047686,0.0268561712365221,"positive",FALSE,NA
"DO217844","chr14",106000001,12,2.98438481686962,1.84295222521466,0.0328842472561,"positive",FALSE,NA
"DO217844","chr14",107000001,5,0.175957262669074,3.02442767838476,0.0012104062706134,"positive",FALSE,NA
"DO217844","chr16",47000001,18,5.84682036965693,1.543419354184,0.0220937726717161,"positive",FALSE,NA
"DO217844","chr16",53000001,22,5.65396171266064,1.87033762846687,0.000189260036881766,"positive",FALSE,NA
"DO217844","chr16",60000001,20,6.57004139915431,1.53583334175035,0.0117899860459824,"positive",FALSE,NA
"DO217844","chr16",69000001,21,5.49415820131815,1.84270759389945,0.000424734005944777,"positive",FALSE,NA
"DO217844","chr22",38000001,19,5.35005973334895,1.73695086312922,0.0031240626176519,"positive",FALSE,NA
"DO217865","chr2",242000001,6,0.604061215591731,2.55761955238171,0.0217719494732129,"positive",FALSE,NA
"DO217865","chr15",99000001,14,1.14694599631385,3.13818774554451,6.49898603948234e-08,"positive",FALSE,NA
"DO217887","chr2",213000001,7,0.781188250447682,2.54940812302533,0.0113846479828606,"positive",FALSE,NA
"DO217887","chr10",53000001,7,0.881444859962917,2.44071261713213,0.0206849953219375,"positive",FALSE,NA
"DO217887","chr12",57000001,10,2.14244796577311,1.99044235997315,0.0380873690510865,"positive",FALSE,NA
"DO217887","chr20",48000001,13,3.45030941506029,1.77292184277489,0.0320523290989981,"positive",FALSE,NA
"DO217887","chrX",120000001,18,1.23445327337252,3.41497239106507,7.92832775462301e-12,"positive",FALSE,NA
"DO217907","chr1",238000001,10,1.99017770191507,2.07606872445167,0.0235576069146385,"positive",FALSE,NA
"DO217907","chr2",240000001,13,2.68303113632406,2.08448623271693,0.00405386123896619,"positive",FALSE,NA
"DO217907","chr3",93518001,6,0.715605420577324,2.41876470494795,0.0452152876257903,"positive",FALSE,NA
"DO217907","chr3",116000001,14,3.92271808815066,1.71304770988604,0.030692271257571,"positive",FALSE,NA
"DO217907","chr4",189000001,14,3.09916933492322,2.01031701486911,0.0039557291161229,"positive",FALSE,NA
"DO217907","chr6",133000001,10,2.06459004864448,2.0335891942391,0.0299235879421107,"positive",FALSE,NA
"DO217907","chr6",140000001,12,1.67049006075486,2.52583537364903,0.000263186921722781,"positive",FALSE,NA
"DO217907","chr7",149000001,19,3.76028149653905,2.19445345971543,3.11069717043416e-05,"positive",FALSE,NA
"DO217907","chr8",10000001,13,3.15903103833798,1.88342584853447,0.0159577441359274,"positive",FALSE,NA
"DO217907","chr8",14000001,16,2.61092636605077,2.40704987189555,3.02254359744795e-05,"positive",FALSE,NA
"DO217907","chr8",22000001,18,0.558251565501208,4.12777074275182,1.65432318399705e-17,"positive",FALSE,NA
"DO217907","chr9",33000001,10,0.874763399068481,2.93313407495017,4.88662606869523e-05,"positive",FALSE,NA
"DO217907","chr10",81000001,16,1.70825302840932,2.90148862934533,1.18756060870097e-07,"positive",FALSE,NA
"DO217907","chr10",96000001,14,2.7267441978092,2.16790178333304,0.0011523154708496,"positive",FALSE,NA
"DO217907","chr11",56000001,13,1.59414728890413,2.68852458639967,2.50711999793214e-05,"positive",FALSE,NA
"DO217907","chr11",80000001,19,1.25763850169564,3.47176384089501,7.49240355954373e-13,"positive",FALSE,NA
"DO217907","chr12",20000001,24,3.84596039627266,2.49503481648082,1.14624191620835e-08,"positive",FALSE,NA
"DO217907","chr13",114000001,5,0.168185706721064,3.04111059146715,0.000993339653928261,"positive",FALSE,NA
"DO217907","chr18",69000001,14,3.41062149007843,1.89058309107237,0.00940932588631202,"positive",FALSE,NA
"DO217907","chr20",55000001,16,2.03935694397997,2.69993091810467,1.22586927809359e-06,"positive",FALSE,NA
"DO217907","chr21",25000001,24,3.36192766374969,2.66538870212777,8.64954529242958e-10,"positive",FALSE,NA
"DO217907","chr22",19000001,13,1.88657154675986,2.49994791473274,0.00014481734303734,"positive",FALSE,NA
"DO217931","chr2",4000001,12,1.9639321665583,2.34289365140305,0.00114051395116546,"positive",FALSE,NA
"DO217931","chr2",40000001,23,1.30210417017429,3.70490644349502,3.00284200396135e-17,"positive",FALSE,NA
"DO217931","chr2",41000001,14,1.36286210382144,2.96046011070095,4.98338649045715e-07,"positive",FALSE,NA
"DO217931","chr2",125000001,13,2.08444655649871,2.38503213291155,0.000387857702170218,"positive",FALSE,NA
"DO217931","chr2",193000001,14,1.40259873642984,2.93000966998669,7.05003362185178e-07,"positive",FALSE,NA
"DO217931","chr4",18000001,8,1.35486239996694,2.19615067448426,0.0394658043413996,"positive",FALSE,NA
"DO217931","chr6",3000001,10,1.51713891530272,2.38000698061409,0.00370755496150551,"positive",FALSE,NA
"DO217931","chr7",111000001,10,1.94359345661648,2.10331314044963,0.0201372251224557,"positive",FALSE,NA
"DO217931","chr7",136000001,25,2.53932549815202,3.06867415265815,2.994761208435e-13,"positive",FALSE,NA
"DO217931","chr8",98000001,13,2.81320960686472,2.02665802521041,0.00611434422609623,"positive",FALSE,NA
"DO217931","chr8",115000001,18,3.69143866245003,2.14200784844966,0.000107206606637538,"positive",FALSE,NA
"DO217931","chr10",38000001,10,1.10368771110989,2.7109241921438,0.000327802437890804,"positive",FALSE,NA
"DO217931","chr12",82000001,11,1.38068987643878,2.61229998630851,0.000300913635075004,"positive",FALSE,NA
"DO217931","chr12",91000001,12,1.41480160387763,2.70666127017254,5.43514664567613e-05,"positive",FALSE,NA
"DO217931","chr12",130000001,10,2.21721002708504,1.95019133961735,0.046957694262492,"positive",FALSE,NA
"DO217931","chr19",14000001,12,1.07134542523173,2.99185582996377,3.17015398511717e-06,"positive",FALSE,NA
"DO217931","chr20",1000001,33,1.40914734423135,4.13316073905763,4.12100799469908e-29,"positive",FALSE,NA
"DO217931","chrX",135000001,9,1.12869767177777,2.54420868607272,0.00261896106716718,"positive",FALSE,NA
"DO217939","chr6",157000001,5,0.410037746977515,2.59543332618272,0.0331450234743026,"positive",FALSE,NA
"DO217952","chr2",135000001,16,0.705393652405101,3.77488974665587,3.65585637588688e-13,"positive",FALSE,NA
"DO217953","chr9",107000001,5,0.450303797238441,2.5329709193388,0.0466360807831179,"positive",FALSE,NA
"DO217987","chr5",29000001,9,1.47674286039164,2.26480229951626,0.0147854708883788,"positive",FALSE,NA
"DO217987","chr8",57000001,14,2.89567758921993,2.09428150988644,0.00205309870531019,"positive",FALSE,NA
"DO217987","chr14",107000001,2,0.00994236039301111,2.29352200362125,0.0254099257151944,"positive",FALSE,NA
"DO217987","chr15",60000001,26,1.06247230568419,4.08408983586442,4.81648980509527e-23,"positive",FALSE,NA
"DO217987","chr16",51000001,11,1.45801534701098,2.55416988316349,0.000478467704113015,"positive",FALSE,NA
"DO217987","chrX",30000001,8,1.34779729060096,2.20165634417461,0.0383025000669572,"positive",FALSE,NA
"DO218059","chr8",86000001,6,0.534074692443776,2.65209932114746,0.0128073678288838,"positive",FALSE,NA
"DO218060","chr2",3000001,6,0.634257928663017,2.51869097372434,0.0268281643909702,"positive",FALSE,NA
"DO218060","chr2",23000001,9,0.649748860898461,3.0466087450599,4.76219595211745e-05,"positive",FALSE,NA
"DO218060","chr16",34196001,9,0.856759181529406,2.80776284165134,0.000377387619734793,"positive",FALSE,NA
"DO218060","chr17",58000001,12,0.416449833121136,3.76972837551531,1.36263105367085e-10,"positive",FALSE,NA
"DO218065","chr1",8000001,13,2.73039296450564,2.06317782843317,0.00475318107194196,"positive",FALSE,NA
"DO218065","chr1",117000001,14,2.76872558692359,2.14925272876021,0.0013398374521326,"positive",FALSE,NA
"DO218065","chr2",25000001,13,2.68317483827774,2.08442110190062,0.00405386123896619,"positive",FALSE,NA
"DO218065","chr3",125000001,20,2.52418745267246,2.76100443759239,1.06885623432918e-08,"positive",FALSE,NA
"DO218065","chr5",77000001,11,2.63879658877285,1.87335041865574,0.0444723666782987,"positive",FALSE,NA
"DO218065","chr5",109000001,13,3.22705636902638,1.85685086321481,0.0187378079103608,"positive",FALSE,NA
"DO218065","chr8",92000001,12,2.97740949628856,1.84584322237019,0.0322725153895757,"positive",FALSE,NA
"DO218065","chr16",75000001,9,1.36761671967177,2.34672910409462,0.00920401825296473,"positive",FALSE,NA
"DO218065","chr22",51000001,5,0.252467982168736,2.86972951763121,0.00527052813224111,"positive",FALSE,NA
"DO218072","chr4",140000001,6,0.402469319790328,2.84848992583607,0.00349517107855053,"positive",FALSE,NA
"DO218121","chr5",55000001,7,0.519799984276597,2.87860437477306,0.00128110770232955,"positive",FALSE,NA
"DO218121","chr5",175000001,5,0.450559079908894,2.53258341632706,0.0466953132815422,"positive",FALSE,NA
"DO218121","chr9",34000001,6,0.671187790778799,2.47246729891699,0.0342538056972399,"positive",FALSE,NA
"DO218121","chr12",11000001,7,1.03047169768995,2.29291422959359,0.0450153992396395,"positive",FALSE,NA
"DO218121","chr15",89000001,6,0.560503948361351,2.61568972596594,0.0157579688490634,"positive",FALSE,NA
"DO218121","chr21",37000001,8,0.548686395732566,3.01887952936367,0.000165003112484629,"positive",FALSE,NA
"DO218150","chr11",15000001,20,1.45284976162714,3.39197104182082,7.07589135962958e-13,"positive",FALSE,NA
"DO218150","chr13",21000001,9,0.885036728059813,2.77800327963324,0.000475473942147321,"positive",FALSE,NA
"DO218159","chr9",18000001,9,0.678379240099951,3.01112359417296,6.56903741350631e-05,"positive",FALSE,NA
"DO218159","chr11",66000001,11,0.994938269003213,2.94347604410298,1.56195807053031e-05,"positive",FALSE,NA
"DO218159","chr11",73000001,7,0.724838331671462,2.61429925739121,0.00771563767630292,"positive",FALSE,NA
"DO218159","chr11",75000001,30,1.74428855518689,3.76447915788459,1.25260536982579e-22,"positive",FALSE,NA
"DO218159","chr18",4000001,15,2.04877060772347,2.60439477539159,9.0069664785432e-06,"positive",FALSE,NA
"DO218159","chr19",22000001,15,2.7535087273609,2.25219988669905,0.000285650014276368,"positive",FALSE,NA
"DO218159","chr19",38000001,8,1.16113850072614,2.35529047536693,0.0169787968486214,"positive",FALSE,NA
"DO218168","chr3",144000001,15,1.5915825458529,2.88960137425401,3.82211504988056e-07,"positive",FALSE,NA
"DO218168","chr8",80000001,14,1.30444817122464,3.0064232895156,2.99906765631735e-07,"positive",FALSE,NA
"DO218168","chr13",115000001,2,0.00459194887867533,2.30873900249633,0.00738652298233172,"positive",FALSE,NA
"DO218168","chr15",90000001,9,1.47160298652637,2.26855844196802,0.0144477720125265,"positive",FALSE,NA
"DO218168","chr18",77000001,16,1.35042685113656,3.15653601348978,4.47882184389161e-09,"positive",FALSE,NA
"DO218168","chrX",140000001,9,1.61799736339995,2.16522672005866,0.0255190767894194,"positive",FALSE,NA
"DO218173","chr1",155000001,39,18.6349547696354,1.0456421624584,0.0196325381776174,"positive",FALSE,NA
"DO218173","chr1",160000001,12,38.6373663675637,-1.64661858248023,0.00110193017341791,"negative",FALSE,NA
"DO218173","chr2",100000001,72,13.0860933469985,2.41585032336074,1.37464954299156e-25,"positive",FALSE,NA
"DO218173","chr2",243000001,3,0.0289201497860063,2.72623307948855,0.00332822134115285,"positive",FALSE,NA
"DO218173","chr3",23000001,7,26.8008320616543,-1.86398242086095,0.00775552970619659,"negative",FALSE,NA
"DO218173","chr3",47000001,23,7.82956111688446,1.49634836943315,0.00603829208482938,"positive",FALSE,NA
"DO218173","chr3",48000001,18,6.09320625808967,1.48847315111758,0.0331666122953118,"positive",FALSE,NA
"DO218173","chr3",51000001,21,7.30157722255181,1.46249893571085,0.0156682401281283,"positive",FALSE,NA
"DO218173","chr3",88000001,38,13.5974786831115,1.44942128436309,6.21914796456282e-05,"positive",FALSE,NA
"DO218173","chr4",7000001,20,6.51635291373081,1.54683068926355,0.0107938861827815,"positive",FALSE,NA
"DO218173","chr5",10000001,13,33.6467723192393,-1.33878980874738,0.0420949793380039,"negative",FALSE,NA
"DO218173","chr5",131000001,8,32.2414307462321,-1.9455826202076,0.000932360483417082,"negative",FALSE,NA
"DO218173","chr6",33000001,39,19.506715134695,0.981368340014741,0.0418193442126807,"positive",FALSE,NA
"DO218173","chr6",153000001,8,27.79013797703,-1.73476446671942,0.0144477720125265,"negative",FALSE,NA
"DO218173","chr7",67000001,28,8.00772092254254,1.74411730459293,4.5169071059271e-05,"positive",FALSE,NA
"DO218173","chr7",68000001,21,8.01565727799914,1.3361468665935,0.0436946583300445,"positive",FALSE,NA
"DO218173","chr7",70000001,28,7.93850396347666,1.75590276354783,3.83779380534618e-05,"positive",FALSE,NA
"DO218173","chr7",71000001,22,7.98081223992034,1.40765065248593,0.0180836706653346,"positive",FALSE,NA
"DO218173","chr7",143000001,6,22.7322146220828,-1.83761506305002,0.0388057267129559,"negative",FALSE,NA
"DO218173","chr7",144000001,8,29.1142241197673,-1.80075554226099,0.00538005959517166,"negative",FALSE,NA
"DO218173","chr9",39000001,0,13.4499114609805,-4.80218406029596,0.00287437016215866,"negative",FALSE,NA
"DO218173","chr9",40024001,0,10.2708159360715,-4.42905563932249,0.0306000013863978,"negative",FALSE,NA
"DO218173","chr10",32000001,18,6.31228685527979,1.44131417958838,0.0466360807831179,"positive",FALSE,NA
"DO218173","chr10",120000001,34,12.5682199982298,1.40053371460676,0.000487123396570925,"positive",FALSE,NA
"DO218173","chr13",115000001,4,0.0695511574753946,2.98202766471874,0.000942576604257192,"positive",FALSE,NA
"DO218173","chr14",84000001,34,15.1020597496596,1.14485985879948,0.0146198955540664,"positive",FALSE,NA
"DO218173","chr14",106000001,15,3.2172290768929,2.05996871233682,0.00150884215587267,"positive",FALSE,NA
"DO218173","chr14",107000001,8,0.184942204885168,3.63340867688683,6.91224444797983e-08,"positive",FALSE,NA
"DO218173","chr16",5000001,21,7.29833846946629,1.46309798165116,0.0155985173615321,"positive",FALSE,NA
"DO218173","chr16",7000001,26,8.50755355066874,1.55678513094143,0.00109950904273036,"positive",FALSE,NA
"DO218173","chr16",10000001,19,6.49269885345136,1.47955284323064,0.0256998886313525,"positive",FALSE,NA
"DO218173","chr16",13000001,20,6.74940495305208,1.49968942418189,0.015884568897128,"positive",FALSE,NA
"DO218173","chr17",14000001,22,6.65559773593381,1.65278081020951,0.00188771798096151,"positive",FALSE,NA
"DO218173","chr17",17000001,19,6.00437940698991,1.58399080514269,0.01137739852651,"positive",FALSE,NA
"DO218173","chr17",26000001,21,6.32700852308145,1.65501120171078,0.00284068470865491,"positive",FALSE,NA
"DO218173","chr17",29000001,18,6.10775942159248,1.48529220423384,0.0339721755363387,"positive",FALSE,NA
"DO218173","chr17",39000001,25,6.23850797388716,1.91999615367438,2.00430252531923e-05,"positive",FALSE,NA
"DO218173","chr17",40000001,22,6.27831077506791,1.73092731265457,0.000843658946108226,"positive",FALSE,NA
"DO218173","chr17",43000001,18,5.41322674836642,1.64550776593691,0.010103815718037,"positive",FALSE,NA
"DO218173","chr17",51000001,25,7.60142187703044,1.65425020497231,0.000528710900021474,"positive",FALSE,NA
"DO218173","chr17",52000001,24,7.47525932387057,1.61917841374185,0.00120029043143914,"positive",FALSE,NA
"DO218173","chr17",56000001,22,6.38278098165056,1.70886149393393,0.00107855380489741,"positive",FALSE,NA
"DO218173","chr17",57000001,20,6.22745220400432,1.60749176851692,0.00641895493610439,"positive",FALSE,NA
"DO218173","chr17",60000001,21,6.12853874572031,1.69757388989286,0.00185231234520937,"positive",FALSE,NA
"DO218173","chr17",61000001,21,6.35476904047587,1.64915669697964,0.00300183239030605,"positive",FALSE,NA
"DO218173","chr17",64000001,22,6.25957887524019,1.73491972756299,0.000814462724062039,"positive",FALSE,NA
"DO218173","chr17",67000001,24,6.87353261739707,1.73235387220931,0.000337123582043036,"positive",FALSE,NA
"DO218173","chr17",68000001,23,7.43474275705159,1.56640539977556,0.00308818831836008,"positive",FALSE,NA
"DO218173","chr17",69000001,30,7.12637259684112,1.99974031994188,3.18213983555641e-07,"positive",FALSE,NA
"DO218173","chr17",71000001,19,6.43181056349435,1.49216999062523,0.0232961608222495,"positive",FALSE,NA
"DO218173","chr17",74000001,19,6.33064758772555,1.51337985743159,0.0196773004946212,"positive",FALSE,NA
"DO218173","chr17",78000001,19,6.35244323134332,1.50878374768259,0.0204557737123023,"positive",FALSE,NA
"DO218173","chr19",1000001,19,6.91893504570562,1.39419010944823,0.048468219951325,"positive",FALSE,NA
"DO218173","chr19",3000001,23,6.43589158832268,1.76050750303305,0.000390713308809066,"positive",FALSE,NA
"DO218173","chr19",4000001,19,6.26634154478753,1.5270262169395,0.0177180922263091,"positive",FALSE,NA
"DO218173","chr19",9000001,23,7.64424588119315,1.52880773350775,0.004416959756193,"positive",FALSE,NA
"DO218173","chr19",13000001,21,6.4800299651006,1.6230315247988,0.00379138487129463,"positive",FALSE,NA
"DO218173","chr19",16000001,20,6.29449175568338,1.59318636664655,0.0072366563120681,"positive",FALSE,NA
"DO218173","chr19",17000001,25,6.18339915619084,1.93184330237061,1.70040041801969e-05,"positive",FALSE,NA
"DO218173","chr19",21000001,28,7.5664565054394,1.82095495958669,1.53681600145356e-05,"positive",FALSE,NA
"DO218173","chr19",22000001,32,8.17711742003961,1.90515196096984,4.63384974475792e-07,"positive",FALSE,NA
"DO218173","chr19",23000001,25,7.8213154343866,1.61561373419907,0.000822205490997567,"positive",FALSE,NA
"DO218173","chr19",24000001,18,4.78096097152126,1.80865288629133,0.00261122005023417,"positive",FALSE,NA
"DO218173","chr19",29000001,25,7.82992842151634,1.61412124330349,0.000835589134161032,"positive",FALSE,NA
"DO218173","chr19",30000001,25,7.05907947438157,1.75421478458917,0.000165003112484629,"positive",FALSE,NA
"DO218173","chr19",31000001,33,7.31154723779061,2.1004808583252,8.44613740695153e-09,"positive",FALSE,NA
"DO218173","chr19",34000001,23,6.5320183744559,1.74065001147195,0.000487123396570925,"positive",FALSE,NA
"DO218173","chr19",35000001,19,6.57341229667123,1.46299586297021,0.0291736113270367,"positive",FALSE,NA
"DO218173","chr19",36000001,24,6.43619710144602,1.82056494883711,0.000120873285549182,"positive",FALSE,NA
"DO218173","chr19",43000001,19,5.84566961820451,1.61962980831985,0.00853739345335124,"positive",FALSE,NA
"DO218173","chr19",44000001,21,7.29469778899595,1.46377166593797,0.0155169707319504,"positive",FALSE,NA
"DO218173","chr19",45000001,24,6.23654886455801,1.8627001564358,7.15849507676399e-05,"positive",FALSE,NA
"DO218173","chr19",46000001,20,6.408033470262,1.56927693170145,0.00901039706157653,"positive",FALSE,NA
"DO218173","chr19",50000001,18,6.05793452108204,1.49621186868325,0.0313817765520437,"positive",FALSE,NA
"DO218173","chr19",51000001,22,6.6302740175005,1.65789557560822,0.00179510978790991,"positive",FALSE,NA
"DO218173","chr19",57000001,23,8.21662826385853,1.43081866709997,0.0110364342907561,"positive",FALSE,NA
"DO218173","chr19",58000001,23,7.6859677538944,1.52143586793943,0.00475516125534182,"positive",FALSE,NA
"DO218173","chr21",20000001,11,33.0636068131705,-1.54526389787011,0.0109602197323105,"negative",FALSE,NA
"DO218173","chr22",24000001,18,5.75367225251151,1.56474975430757,0.0186278833171146,"positive",FALSE,NA
"DO218173","chr22",25000001,19,6.29033317093724,1.52191985613499,0.0183433704018738,"positive",FALSE,NA
"DO218173","chr22",29000001,24,5.95017878516813,1.92537069460246,3.30177026468889e-05,"positive",FALSE,NA
"DO218173","chr22",31000001,28,5.94578439823679,2.14453408093275,1.18919742836304e-07,"positive",FALSE,NA
"DO218173","chr22",32000001,20,6.14943611364234,1.62432000243204,0.00553736531009999,"positive",FALSE,NA
"DO218173","chr22",33000001,23,6.45421632488568,1.75670090598316,0.000407017105506325,"positive",FALSE,NA
"DO218173","chr22",35000001,19,6.66163725586794,1.4451127723085,0.0333398357059951,"positive",FALSE,NA
"DO218173","chr22",36000001,20,6.06640307090399,1.64244869385639,0.00475318107194196,"positive",FALSE,NA
"DO218173","chr22",39000001,22,5.95766494203978,1.80084050811822,0.00040561163356214,"positive",FALSE,NA
"DO218173","chr22",41000001,18,5.9825312234447,1.51289611571886,0.0275697885265181,"positive",FALSE,NA
"DO218173","chr22",42000001,20,5.90503065047458,1.67834653019763,0.00344494761160338,"positive",FALSE,NA
"DO218173","chr22",43000001,21,6.11175404103675,1.70123169770294,0.00179171326128298,"positive",FALSE,NA
"DO218173","chr22",45000001,20,6.17088932120874,1.61967289931441,0.00576529872602333,"positive",FALSE,NA
"DO218173","chr22",48000001,39,15.4725064667719,1.30626192955477,0.000609170961181463,"positive",FALSE,NA
"DO218173","chrX",19000001,34,14.1904593331154,1.23171685590488,0.00493250597355575,"positive",FALSE,NA
"DO218173","chrX",31000001,34,15.240164722488,1.13214572301027,0.0160634002523978,"positive",FALSE,NA
"DO218173","chrX",34000001,39,15.6640568686394,1.2890633209344,0.000702686945616821,"positive",FALSE,NA
"DO218173","chrX",35000001,35,15.7665883414628,1.12590732425044,0.0138969741693685,"positive",FALSE,NA
"DO218173","chrX",36000001,33,15.5586921391488,1.06080669469506,0.0456511632674138,"positive",FALSE,NA
"DO218173","chrX",46000001,31,14.2558164352018,1.0940680817206,0.0420949793380039,"positive",FALSE,NA
"DO218173","chrX",49000001,27,11.0869104213882,1.24693568680088,0.0268142785271659,"positive",FALSE,NA
"DO218173","chrX",56000001,32,14.6211728829151,1.10386967072902,0.0313817765520437,"positive",FALSE,NA
"DO218173","chrX",96000001,35,14.0864884226798,1.28318641654671,0.00239036730929337,"positive",FALSE,NA
"DO218173","chrX",103000001,31,13.8123124558239,1.1380950399148,0.0306000013863978,"positive",FALSE,NA
"DO218173","chrX",110000001,33,15.541532837621,1.06234909145989,0.0453026059973476,"positive",FALSE,NA
"DO218173","chrX",124000001,34,14.9775296578682,1.15642113813107,0.0135344320296786,"positive",FALSE,NA
"DO218173","chrX",131000001,36,13.6889779325346,1.36312579177316,0.000447729926959326,"positive",FALSE,NA
"DO218173","chrX",135000001,30,13.6366045371646,1.10937360100382,0.0462542946718324,"positive",FALSE,NA
"DO218173","chrX",150000001,35,14.6108446783268,1.23223471691583,0.00379138487129463,"positive",FALSE,NA
"DO218174","chr1",56000001,34,0.631733039646895,4.92999077051551,9.81819831209857e-42,"positive",FALSE,NA
"DO218174","chr14",106000001,4,0.193691064859127,2.69755979437193,0.0258414680345078,"positive",FALSE,NA
"DO218176","chr1",28000001,35,4.7118711870339,2.76794569180046,1.90534077006145e-15,"positive",FALSE,NA
"DO218176","chr1",154000001,25,7.02004643704164,1.76168377125438,0.000150866743427804,"positive",FALSE,NA
"DO218176","chr6",18000001,17,4.73616484327085,1.74077250048193,0.00717382284267349,"positive",FALSE,NA
"DO218176","chr12",64000001,13,2.84573510132958,2.01256427768584,0.00672358963031867,"positive",FALSE,NA
"DO218176","chr21",27000001,17,4.66435938238457,1.76069361716288,0.00611546681685506,"positive",FALSE,NA
"DO218176","chr22",24000001,16,4.27431856497758,1.78909928633216,0.00764260833331702,"positive",FALSE,NA
"DO218205","chr1",20000001,10,1.40767041391838,2.46050548271325,0.00211286809477215,"positive",FALSE,NA
"DO218205","chr3",116000001,9,1.80397726787608,2.04380103090131,0.0483157952578387,"positive",FALSE,NA
"DO218205","chr6",122000001,17,1.47500716623515,3.14742512888401,1.51349095173464e-09,"positive",FALSE,NA
"DO218205","chr11",77000001,8,1.24878010296403,2.28111394953686,0.025261919116764,"positive",FALSE,NA
"DO218212","chr2",5000001,18,3.54264161835763,2.19415505178813,6.21914796456282e-05,"positive",FALSE,NA
"DO218212","chr5",146000001,12,2.98176541577548,1.84403718520562,0.032665546394372,"positive",FALSE,NA
"DO218254","chr2",219000001,6,0.459362041405483,2.76029245474759,0.00641895493610439,"positive",FALSE,NA
"DO218254","chr6",5000001,21,0.582815273469118,4.31147761220028,1.25477643809713e-21,"positive",FALSE,NA
"DO218254","chr6",6000001,6,0.724282668770789,2.4085030246921,0.0472414646704071,"positive",FALSE,NA
"DO218254","chr17",77000001,6,0.571750059591002,2.60047122077007,0.0171165652435621,"positive",FALSE,NA
"DO218333","chr4",12000001,24,7.51173270682461,1.61259555438886,0.0012874101928063,"positive",FALSE,NA
"DO218333","chr5",172000001,12,2.42560387099368,2.09512174908901,0.00672358963031867,"positive",FALSE,NA
"DO218333","chr7",159000001,2,0.0136052673357393,2.28319619151976,0.0419681812430418,"positive",FALSE,NA
"DO218333","chr19",56000001,12,2.82372187187182,1.91105652693819,0.0218262546864517,"positive",FALSE,NA
"DO218347","chr1",247000001,8,0.709850108198061,2.81263452230797,0.000879988201859918,"positive",FALSE,NA
"DO218347","chr1",249058001,4,0.0535893009934005,3.02303703549543,0.000387857702170218,"positive",FALSE,NA
"DO218347","chr5",77000001,4,0.174349489093705,2.73835661841729,0.0185852038887794,"positive",FALSE,NA
"DO218347","chr5",139000001,6,0.182047391519123,3.25249582578166,6.25714217830636e-05,"positive",FALSE,NA
"DO218347","chr6",26000001,15,0.298385807410457,4.27903833059173,4.59054642497441e-17,"positive",FALSE,NA
"DO218347","chr6",27000001,20,0.485923894169933,4.37800381369463,1.25477643809713e-21,"positive",FALSE,NA
"DO218347","chr6",86000001,5,0.189181201932666,2.99647636229317,0.0016249695209366,"positive",FALSE,NA
"DO218384","chr22",46000001,4,0.163525788503472,2.76170055805439,0.0155169707319504,"positive",FALSE,NA
"DO218388","chr11",97000001,9,1.16299291816309,2.51414548850617,0.00322085781691942,"positive",FALSE,NA
"DO218388","chr14",107000001,2,0.00906350361851126,2.29601055186102,0.0219709437791128,"positive",FALSE,NA
"DO218404","chr17",27000001,13,0.995281417138756,3.17447047198565,1.37040734065896e-07,"positive",FALSE,NA
"DO218404","chr22",49000001,2,153.631233999195,-5.94608734200755,2.44415859031814e-58,"negative",TRUE,0.226566
"DO218404","chr22",50000001,4,96.5891327516415,-4.43131291635302,1.42456361737821e-31,"negative",TRUE,0.144654
"DO218408","chr18",75000001,6,0.659416009254677,2.48704140649756,0.0317680271934462,"positive",FALSE,NA
"DO218419","chr7",159000001,2,0.0145951375262529,2.28041836484429,0.0465557481731253,"positive",FALSE,NA
"DO218419","chr9",140000001,6,0.702213579708554,2.43474649678897,0.0419633705173321,"positive",FALSE,NA
"DO218419","chrX",71000001,10,2.1213408870142,2.00201244453166,0.0355362443792529,"positive",FALSE,NA
"DO218428","chr7",13000001,10,2.1044365588659,2.0113461276845,0.0338217413190251,"positive",FALSE,NA
"DO218428","chr8",43000001,8,1.16624940601506,2.35085848022823,0.017291610759119,"positive",FALSE,NA
"DO218428","chr12",31000001,14,1.23526111980392,3.06282822114197,1.58499120714979e-07,"positive",FALSE,NA
"DO218428","chr12",81000001,8,1.36055815256714,2.191727358011,0.0404368046538853,"positive",FALSE,NA
"DO218428","chr15",95000001,3,39.3099387306621,-3.5077018238863,6.0923115164922e-10,"negative",TRUE,1
"DO218428","chr15",98000001,6,72.8574090049853,-3.49643106036747,1.02161302372386e-19,"negative",TRUE,1
"DO218428","chr15",99000001,3,54.3562411387945,-3.97022894200446,7.64021392951643e-16,"negative",TRUE,1
"DO218428","chr15",100000001,4,34.0155888417399,-2.93925119055775,3.82211504988056e-07,"negative",TRUE,0.872338
"DO218428","chr17",47000001,9,0.593726205083149,3.11867588317927,2.36646136808286e-05,"positive",FALSE,NA
"DO218428","chr17",70000001,9,1.08026341239223,2.58776245372643,0.00190450393183732,"positive",FALSE,NA
"DO218428","chr18",38000001,15,4.37134595394686,1.66987586604647,0.0271159835819711,"positive",FALSE,NA
"DO218428","chr19",17000001,9,1.32553069169776,2.37961158918575,0.00744529706808494,"positive",FALSE,NA
"DO218428","chr19",20000001,13,2.37632355788479,2.23066152836821,0.00134733098115376,"positive",FALSE,NA
"DO218457","chr6",132000001,6,0.496835262809708,2.70501270877081,0.00922786375773491,"positive",FALSE,NA
"DO218489","chr5",50000001,7,0.89805169854659,2.42347288449622,0.0227041154956749,"positive",FALSE,NA
"DO218502","chr7",116000001,13,1.30470991036122,2.90312054567001,2.77361780289023e-06,"positive",FALSE,NA
"DO218502","chr11",95000001,27,1.12304864085673,4.08265347711921,8.26313430024553e-24,"positive",FALSE,NA
"DO218502","chr18",4000001,28,1.39332021257275,3.91197158303718,9.65307713044265e-23,"positive",FALSE,NA
"DO218502","chr20",15000001,8,1.10795230119387,2.40223823066119,0.0131890593149081,"positive",FALSE,NA
"DO218553","chr1",166000001,15,1.62531530267109,2.86651942120437,4.97750580425923e-07,"positive",FALSE,NA
"DO218553","chr10",25000001,8,1.03482333339093,2.46939023823407,0.00895333539621162,"positive",FALSE,NA
"DO218560","chr5",133000001,10,1.30697693643652,2.53873933046723,0.00122150417058913,"positive",FALSE,NA
"DO218560","chrX",144000001,12,2.4144988032568,2.10060838052552,0.00651439028487525,"positive",FALSE,NA
"DO218573","chr7",88000001,8,1.38865395363171,2.17010445138903,0.0450851731518215,"positive",FALSE,NA
"DO218573","chr11",57000001,25,2.85885725106646,2.92445485856183,3.92567753192861e-12,"positive",FALSE,NA
"DO218573","chr11",69000001,18,3.43798602980648,2.23199537240997,4.20610306220884e-05,"positive",TRUE,0.109208
"DO218573","chr11",81000001,16,3.18720850712573,2.1618651179821,0.000328281337926977,"positive",FALSE,NA
"DO218573","chr13",65000001,11,1.48135539665036,2.53707427572963,0.000538885528863038,"positive",FALSE,NA
"DO218573","chr13",66000001,10,1.61872565183279,2.30912063373069,0.00586268854104606,"positive",FALSE,NA
"DO218573","chr20",14000001,10,0.869077251218496,2.93911356872828,4.6444838149875e-05,"positive",FALSE,NA
"DO218605","chr3",88000001,13,1.39577801191401,2.83209746190446,5.89868163132897e-06,"positive",FALSE,NA
"DO218605","chr5",18000001,37,3.9611101571828,3.07141591780264,1.64553182850246e-19,"positive",FALSE,NA
"DO218605","chr5",19000001,13,2.71020303881114,2.07222295440394,0.00442852113120039,"positive",FALSE,NA
"DO218605","chr6",38000001,12,1.06420074430867,2.99843051457586,2.97751562471995e-06,"positive",FALSE,NA
"DO218605","chr6",39000001,27,1.92339742194955,3.50432869641201,4.64295818627345e-18,"positive",FALSE,NA
"DO218605","chr6",42000001,18,0.998411395833705,3.62601958879824,2.4513999461038e-13,"positive",FALSE,NA
"DO218605","chr6",48000001,16,3.99391424768701,1.87642152390539,0.00388914916428127,"positive",FALSE,NA
"DO218605","chr6",82000001,12,2.20816701373521,2.20653947654215,0.00315788299712398,"positive",FALSE,NA
"DO218605","chr11",134000001,7,1.03087787178262,2.29253140147196,0.0450613732781337,"positive",FALSE,NA
"DO218605","chr17",11000001,9,0.787414437168713,2.88345096089476,0.000202684949423733,"positive",FALSE,NA
"DO218605","chr18",23000001,12,1.16614303950002,2.90734392741526,7.78229291709741e-06,"positive",FALSE,NA
"DO218605","chr22",30000001,20,1.2753711967098,3.52943130807707,6.6659965468602e-14,"positive",FALSE,NA
"DO218605","chrX",10000001,11,2.64596062795063,1.87006134068034,0.0450851731518215,"positive",FALSE,NA
"DO218651","chr3",88000001,13,0.738074399841352,3.44678948885765,4.29078796521695e-09,"positive",FALSE,NA
"DO218651","chr3",162000001,7,0.549765682015487,2.83682325544989,0.00173637920899521,"positive",FALSE,NA
"DO218651","chr6",121000001,8,0.662589480460993,2.87012108154642,0.000560836428618009,"positive",FALSE,NA
"DO218651","chr7",45000001,6,0.581777264005213,2.58703623671621,0.0183068476775927,"positive",FALSE,NA
"DO218651","chr14",30000001,17,1.27677207551453,3.30002439276176,1.79440075665088e-10,"positive",FALSE,NA
"DO218651","chr15",66000001,24,0.558305262128593,4.53295401946334,1.16850400773429e-26,"positive",FALSE,NA
"DO218651","chr15",95000001,40,3.01332109304508,3.52701456803378,1.32852256575617e-26,"positive",FALSE,NA
"DO218651","chr15",96000001,13,1.72351420054615,2.60204588362557,5.69098622024767e-05,"positive",FALSE,NA
"DO218651","chr15",97000001,21,2.58801253858156,2.79958614415805,2.26622676744559e-09,"positive",FALSE,NA
"DO218651","chr15",98000001,16,2.11647485187778,2.6567697267332,2.02929132673404e-06,"positive",FALSE,NA
"DO218651","chr15",99000001,11,2.25496281552176,2.06152910957433,0.0147944362740125,"positive",TRUE,0.225115
"DO218651","chr17",31000001,20,1.37248016355495,3.45260156929453,2.57083342118043e-13,"positive",FALSE,NA
"DO218651","chr17",32000001,28,2.79269402373857,3.1136215596091,3.3607586003981e-15,"positive",FALSE,NA
"DO218651","chr17",44000001,5,0.247433327707808,2.8794148192644,0.00487705797155243,"positive",FALSE,NA
"DO218651","chr17",47000001,15,1.76094376386946,2.77727120179837,1.38156233708963e-06,"positive",FALSE,NA
"DO218651","chr17",74000001,12,0.595328510928584,3.51249256194989,6.40034898743015e-09,"positive",FALSE,NA
"DO218669","chr2",62000001,44,1.94105999683734,4.18822567657819,7.18750528775357e-39,"positive",FALSE,NA
"DO218669","chr7",6000001,10,1.92933616847049,2.11175528067338,0.0190769546225541,"positive",FALSE,NA
"DO218669","chr14",107000001,3,0.0341766307953547,2.71196615473667,0.00497860491348366,"positive",FALSE,NA
"DO218684","chr6",163000001,15,3.74736220142031,1.86762916805152,0.00675878972188564,"positive",FALSE,NA
"DO218698","chr1",171000001,17,0.450156260396758,4.20304631674544,1.55561261051111e-17,"positive",FALSE,NA
"DO218698","chr11",64000001,5,0.276131806866071,2.82505803409631,0.00744529706808494,"positive",FALSE,NA
"DO218709","chr5",37000001,11,1.8192558957649,2.30989994711946,0.00298159445905114,"positive",FALSE,NA
"DO218709","chr6",100000001,9,1.63725486324344,2.15216855677323,0.0271726174679434,"positive",FALSE,NA
"DO218709","chr8",118000001,25,9.9209758852278,1.2910068601727,0.0222103223017624,"positive",FALSE,NA
"DO218709","chr10",52000001,10,1.99532346115094,2.07309058294709,0.0239887740527739,"positive",FALSE,NA
"DO218709","chr10",56000001,14,3.86159271699337,1.7331259368883,0.0268561712365221,"positive",FALSE,NA
"DO218709","chr10",59000001,24,2.40393866464391,3.07669886225143,8.51621714097431e-13,"positive",FALSE,NA
"DO218709","chr10",69000001,46,2.92222452503289,3.76422439595476,6.87939883320369e-34,"positive",FALSE,NA
"DO218709","chr10",70000001,14,2.1671867405627,2.44266215777068,0.00010651441581915,"positive",FALSE,NA
"DO218709","chr10",71000001,12,1.89489119679833,2.38389607594484,0.000821178320629027,"positive",FALSE,NA
"DO218709","chrX",77000001,8,1.16762242691672,2.34967016186621,0.0173425539297534,"positive",FALSE,NA
"DO218719","chr7",99000001,6,0.544727400913656,2.63731316689156,0.0140177247466428,"positive",FALSE,NA
"DO218719","chr11",70000001,7,0.817207367287244,2.5094081093863,0.0143661179057162,"positive",FALSE,NA
"DO218736","chr8",38000001,27,1.35133686871519,3.89279228206223,8.32134482720086e-22,"positive",FALSE,NA
"DO218736","chr8",39000001,12,1.78936397394562,2.44890934214437,0.000487642921408251,"positive",FALSE,NA
"DO218736","chr9",23000001,6,0.709166677321272,2.42642659185788,0.0436946583300445,"positive",FALSE,NA
"DO218742","chr1",168000001,19,2.34116857138897,2.77891778723197,2.31375986139241e-08,"positive",FALSE,NA
"DO218742","chr4",179000001,9,1.74517216790939,2.08110143316969,0.04024245375658,"positive",FALSE,NA
"DO218742","chr6",88000001,9,0.68760593400802,2.99987130639864,7.26055910825608e-05,"positive",FALSE,NA
"DO218742","chr6",145000001,10,2.22758896059643,1.94469117181436,0.0483157952578387,"positive",FALSE,NA
"DO218742","chr6",162000001,31,1.48803550971303,3.98593639736965,8.72345156611765e-26,"positive",FALSE,NA
"DO218742","chr11",88000001,15,4.12067075774997,1.74609401531733,0.0161737822031503,"positive",TRUE,0.006333
"DO218742","chr16",86000001,14,2.81969005353314,2.1269324460568,0.00160194485970864,"positive",FALSE,NA
"DO218742","chr17",51000001,24,3.41421661180169,2.64598624754626,1.15864825456076e-09,"positive",FALSE,NA
"DO218796","chr2",178000001,15,3.45128578104346,1.97187411580908,0.00309789519296007,"positive",FALSE,NA
"DO218796","chr2",232000001,9,1.53297246456877,2.22433683859498,0.0183068476775927,"positive",FALSE,NA
"DO218796","chr6",98000001,19,3.4031580509211,2.32076033572581,7.3089555596562e-06,"positive",FALSE,NA
"DO218796","chr11",17000001,90,3.0671246002423,4.66508427682597,1.67952776307403e-91,"positive",FALSE,NA
"DO218796","chr17",27000001,1,19.4643738303896,-3.73439341765441,0.00020488707651548,"negative",TRUE,1
"DO218796","chr17",80000001,16,1.28560544406659,3.20798078849231,2.28135366905797e-09,"positive",FALSE,NA
"DO218796","chr22",34000001,3,18.0151972282359,-2.40328309034807,0.0170549641731943,"negative",TRUE,0.340006
"DO218796","chr22",35000001,5,23.0547654353173,-2.09851544158261,0.00970739331397883,"negative",TRUE,0.435726
"DO218796","chrX",87000001,11,2.50569088701685,1.93586530964329,0.0309051160691639,"positive",FALSE,NA
"DO218828","chr1",235000001,12,2.98542459092432,1.84252177531403,0.0329417700730574,"positive",FALSE,NA
"DO218828","chr1",239000001,22,5.05697301119166,2.01755386282812,3.41478759017797e-05,"positive",FALSE,NA
"DO218828","chr2",193000001,12,2.76187925854496,1.93815280941786,0.0183068476775927,"positive",FALSE,NA
"DO218828","chr5",49594001,7,0.624986607738618,2.73698276844539,0.00355463835988805,"positive",FALSE,NA
"DO218828","chr5",85000001,14,3.35472431766506,1.91135331002213,0.00812752189272089,"positive",FALSE,NA
"DO218828","chr11",91000001,10,2.00870666856805,2.06537362980846,0.0250174919796993,"positive",FALSE,NA
"DO218828","chr11",109000001,9,1.73977254301106,2.08457528461243,0.0394658043413996,"positive",FALSE,NA
"DO218831","chr6",54000001,6,0.721755508849083,2.41148410848482,0.0466360807831179,"positive",FALSE,NA
"DO218831","chr11",57000001,7,0.680457709072309,2.66754423892512,0.00555757439580295,"positive",FALSE,NA
"DO218831","chr11",58000001,16,0.60807062453995,3.89634428271283,4.07186944740188e-14,"positive",FALSE,NA
"DO218831","chr11",79000001,14,0.72280864456724,3.56778233871399,2.01322565571001e-10,"positive",FALSE,NA
"DO218831","chr11",90000001,12,0.445924713474042,3.72405892120303,2.74437539544324e-10,"positive",FALSE,NA
"DO218831","chr11",91000001,7,0.625039530053532,2.73691490189041,0.00355463835988805,"positive",FALSE,NA
"DO218831","chr12",127000001,8,1.20585256489981,2.31696987986935,0.020722201968562,"positive",FALSE,NA
"DO218831","chr14",28000001,19,0.947084632361205,3.75225291888806,5.36006825126212e-15,"positive",FALSE,NA
"DO218831","chr14",38000001,12,1.16805863274845,2.90568618894854,7.88124408478712e-06,"positive",FALSE,NA
"DO218831","chr14",47000001,9,1.37992801206467,2.33725009549055,0.00968631591335757,"positive",FALSE,NA
"DO218831","chr14",107000001,2,0.0127534977889345,2.28559076157659,0.0377518393486184,"positive",FALSE,NA
"DO220821","chr1",56000001,9,0.869376352632063,2.79440850917315,0.000414995300575731,"positive",FALSE,NA
"DO220821","chr15",43000001,9,0.600756175362491,3.10943257546916,2.58891381549836e-05,"positive",FALSE,NA
"DO220822","chr8",18000001,23,0.591027932915602,4.4289008131115,1.47153229738041e-24,"positive",FALSE,NA
"DO220822","chr8",26000001,31,0.521901018697571,4.94602445985621,3.80017242501128e-39,"positive",FALSE,NA
"DO220822","chr8",43000001,20,0.6425347369618,4.16531397580679,2.53487553925503e-19,"positive",FALSE,NA
"DO220823","chr1",153000001,90,8.09524764429733,3.39630668018351,6.69618393523934e-56,"positive",FALSE,NA
"DO220823","chr2",23000001,46,13.4877634336897,1.73306541426662,8.81236669508037e-09,"positive",FALSE,NA
"DO220823","chr3",169000001,18,5.76894562527348,1.56123054925275,0.0191649117537716,"positive",FALSE,NA
"DO220823","chr4",65000001,27,8.01447617921095,1.69144193722042,0.00014481734303734,"positive",FALSE,NA
"DO220823","chr6",75000001,21,6.79019458066324,1.56030743304268,0.00671961934835033,"positive",FALSE,NA
"DO220823","chr6",139000001,41,11.1961869630865,1.82707305844903,1.46240712783322e-08,"positive",FALSE,NA
"DO220823","chr8",97000001,27,6.52911769956217,1.96801610109029,3.12853941644741e-06,"positive",FALSE,NA
"DO220823","chr11",196001,20,4.66517030933915,1.98873608526866,0.000156987338531985,"positive",FALSE,NA
"DO220823","chr11",49000001,25,7.26769208547629,1.71493932910843,0.000263186921722781,"positive",FALSE,NA
"DO220823","chr12",101000001,26,5.96209294657736,2.03591895301565,2.20074585185142e-06,"positive",FALSE,NA
"DO220823","chr12",102000001,33,9.22902171785522,1.78379444544675,2.06162760197996e-06,"positive",FALSE,NA
"DO220823","chr13",21000001,118,5.01722782724645,4.42479969285136,7.19774843478994e-110,"positive",FALSE,NA
"DO220823","chr13",69000001,12,3.09730731465971,1.79693877692444,0.0435677082352998,"positive",FALSE,NA
"DO220823","chr13",104000001,13,3.41534645706089,1.78574752931671,0.0296975794665598,"positive",FALSE,NA
"DO220823","chr14",106000001,17,4.50282989461027,1.80653861805716,0.00420805847014659,"positive",FALSE,NA
"DO220823","chr14",107000001,4,0.0952691257113955,2.91831102698995,0.00277768288509759,"positive",FALSE,NA
"DO220823","chr19",19000001,17,5.70130206527332,1.4967118521084,0.0436946583300445,"positive",FALSE,NA
"DO220824","chr6",19000001,10,1.6049404547409,2.31853800034935,0.00552510329806599,"positive",FALSE,NA
"DO220824","chrX",71000001,8,0.984790368722725,2.51720358386256,0.0066446219377452,"positive",FALSE,NA
"DO220828","chr3",12000001,10,2.21551533779708,1.9510914108511,0.0467335331506661,"positive",FALSE,NA
"DO220828","chr4",20000001,11,2.28052586429487,2.04820419898403,0.0159577441359274,"positive",FALSE,NA
"DO220828","chr8",42000001,17,0.658388837263087,3.91716341177894,5.50214829466304e-15,"positive",FALSE,NA
"DO220828","chr8",50000001,24,4.35694800028945,2.33465980352795,1.25662823632685e-07,"positive",FALSE,NA
"DO220828","chr8",51000001,20,5.55008141579823,1.7605974477882,0.00159221327880323,"positive",FALSE,NA
"DO220828","chr8",57000001,17,4.11984673055149,1.92143802780174,0.0015975575515557,"positive",FALSE,NA
"DO220828","chr8",65000001,18,5.45637781639565,1.63501809784849,0.0109898033867767,"positive",FALSE,NA
"DO220828","chr8",77000001,18,5.47528400030022,1.63044608080542,0.0113846479828606,"positive",FALSE,NA
"DO220828","chr8",78000001,20,5.55937052911923,1.75838407588466,0.00161299770042941,"positive",FALSE,NA
"DO220828","chr8",79000001,15,3.71566434868892,1.87843630625785,0.0062810984872934,"positive",FALSE,NA
"DO220828","chr8",84000001,22,6.23825919316673,1.73947717224752,0.000773408693543232,"positive",FALSE,NA
"DO220828","chr8",85000001,21,5.22868800572658,1.9080599864638,0.000211593851634296,"positive",FALSE,NA
"DO220828","chr8",88000001,18,4.15854972390303,1.98957247336362,0.000487123396570925,"positive",FALSE,NA
"DO220828","chr8",89000001,15,3.96594591949561,1.79523052947904,0.0115146405134614,"positive",FALSE,NA
"DO220828","chr8",105000001,16,4.83885062742103,1.62786493411208,0.0247275634707858,"positive",FALSE,NA
"DO220828","chr8",108000001,19,5.00475858401061,1.8247229243347,0.00138239351158594,"positive",FALSE,NA
"DO220828","chr8",109000001,19,4.06875348821154,2.09360161630911,9.29571290617871e-05,"positive",FALSE,NA
"DO220828","chr8",111000001,14,3.94064903570837,1.70721044193817,0.0318325381099267,"positive",FALSE,NA
"DO220828","chr8",112000001,24,4.34330588131213,2.33871772419926,1.18919742836304e-07,"positive",FALSE,NA
"DO220828","chr8",113000001,15,3.64454885798374,1.90298124021519,0.00521986027815947,"positive",FALSE,NA
"DO220828","chr8",122000001,13,3.10760924990704,1.90384441738115,0.0141748616860869,"positive",FALSE,NA
"DO220828","chr8",136000001,16,5.05246722062259,1.57126514861183,0.0364840373061084,"positive",FALSE,NA
"DO220828","chr13",109000001,12,3.14877686991745,1.77644325987345,0.0483157952578387,"positive",FALSE,NA
"DO220828","chr14",26000001,15,2.38471829140095,2.4257658717389,5.60776672084277e-05,"positive",FALSE,NA
"DO220828","chr19",4000001,21,2.17388380042066,3.00732798343666,1.07334451524557e-10,"positive",FALSE,NA
"DO220828","chr19",5000001,21,2.82250344315576,2.69399406011527,1.01274288785161e-08,"positive",FALSE,NA
"DO220828","chr20",7000001,29,5.02965835271833,2.41545270236755,6.11421863285805e-10,"positive",FALSE,NA
"DO52538","chr5",23000001,10,2.02431332273957,2.05642643119521,0.0262774031168878,"positive",FALSE,NA
"DO52538","chr8",61000001,17,2.8090489173005,2.40286639793724,1.40570074855216e-05,"positive",FALSE,NA
"DO52538","chr8",117000001,20,3.98045018386364,2.19390830684468,1.54920841198616e-05,"positive",FALSE,NA
"DO52538","chrX",142000001,8,1.0871709647152,2.42100530245206,0.0117240587638277,"positive",FALSE,NA
"DO52539","chrX",19000001,8,0.994723804717614,2.50758391360034,0.00702776491733419,"positive",FALSE,NA
"DO52539","chrX",55000001,10,1.08964422170917,2.72361351073461,0.000296482349749347,"positive",FALSE,NA
"DO52540","chr5",12000001,12,2.85363839728481,1.89812904964047,0.0235576069146385,"positive",FALSE,NA
"DO52540","chr6",168042001,7,0.880842792374762,2.44134151610775,0.0206315607427446,"positive",FALSE,NA
"DO52540","chr7",85000001,16,4.67602982534525,1.67254818889942,0.0179474404144737,"positive",FALSE,NA
"DO52540","chr7",108000001,13,3.59765087594029,1.72009043167619,0.0447868121637185,"positive",FALSE,NA
"DO52540","chr8",61000001,12,2.83195080989815,1.90748908764265,0.0222488870197322,"positive",FALSE,NA
"DO52540","chr9",1000001,2,15.1122547661644,-2.64267891047745,0.0381233856997562,"negative",FALSE,NA
"DO52540","chr10",10000001,4,19.9997832321515,-2.18761174797804,0.0225386043823894,"negative",TRUE,0.612722
"DO52540","chr10",21000001,0,10.1806347422744,-4.41692548276677,0.0304885368748211,"negative",FALSE,NA
"DO52540","chr10",130000001,13,3.49368675320423,1.75716632344308,0.0353914876970386,"positive",FALSE,NA
"DO52540","chrX",142000001,12,2.46129339694014,2.07762875385533,0.00755541293489635,"positive",FALSE,NA
"DO52542","chrX",48000001,9,1.6051783324243,2.17398506238154,0.0244165986896562,"positive",FALSE,NA
"DO52542","chrX",127000001,12,2.45339436032123,2.08148218051136,0.00738555697217545,"positive",FALSE,NA
"DO52543","chr2",18000001,21,4.31842708032692,2.15770248247007,1.1872806409646e-05,"positive",FALSE,NA
"DO52543","chr2",135000001,10,2.00088463922347,2.06987891234453,0.0244641395215262,"positive",FALSE,NA
"DO52543","chr2",137000001,12,2.28062260305661,2.16844824000049,0.00408643832382576,"positive",FALSE,NA
"DO52543","chr3",59000001,25,2.07920405176868,3.30549942660728,3.64359497929801e-15,"positive",FALSE,NA
"DO52543","chr7",159000001,3,0.0317769370921345,2.71846180737689,0.00414656665938646,"positive",FALSE,NA
"DO52543","chr14",106000001,6,0.677208428124738,2.46506994185936,0.0355362443792529,"positive",FALSE,NA
"DO52543","chr15",77000001,17,4.56943891899724,1.78745693708799,0.00493250597355575,"positive",FALSE,NA
"DO52544","chr2",149000001,9,1.03894590932112,2.62598498855171,0.00148237164058132,"positive",FALSE,NA
"DO52544","chr5",106000001,11,1.50304342313224,2.52136825899102,0.000609170961181463,"positive",FALSE,NA
"DO52544","chr6",21000001,9,1.45189631008606,2.28305109829788,0.0133967252747043,"positive",FALSE,NA
"DO52544","chr8",58000001,9,1.28344819051132,2.4132582075789,0.00610644862225513,"positive",FALSE,NA
"DO52544","chr11",40000001,11,1.68496285744527,2.39595320074074,0.0015975575515557,"positive",FALSE,NA
"DO52544","chr19",5000001,17,2.34577160367606,2.62046313844892,1.19007611691683e-06,"positive",FALSE,NA
"DO52544","chr19",12000001,20,3.06380768209506,2.52413251949055,2.59275516972906e-07,"positive",FALSE,NA
"DO52544","chr19",14000001,11,2.30894124621447,2.03353550769861,0.0173425539297534,"positive",FALSE,NA
"DO52544","chr20",4000001,7,1.04497425687848,2.27930779617348,0.0473804164433835,"positive",FALSE,NA
"DO52544","chrX",116000001,7,0.921783144691493,2.39918915873551,0.0258530869864825,"positive",FALSE,NA
"DO52544","chrX",146000001,8,1.26701078505462,2.2661519957596,0.0271726174679434,"positive",FALSE,NA
"DO52545","chr2",217000001,8,0.767727880121216,2.74521773940965,0.00147175519971012,"positive",FALSE,NA
"DO52545","chr16",34196001,7,0.988452316374409,2.33307759105109,0.0364449950558442,"positive",FALSE,NA
"DO52547","chr5",44000001,8,1.06025796310926,2.44567826643762,0.0101398474876103,"positive",FALSE,NA
"DO52548","chr6",52000001,10,0.527986285566687,3.35249640520894,5.74678429200035e-07,"positive",FALSE,NA
"DO52548","chr9",78000001,8,0.999586961440699,2.50289765435447,0.00722857500830752,"positive",FALSE,NA
"DO52548","chr9",79000001,9,1.46596738259531,2.2726881273492,0.014197867795497,"positive",TRUE,0.106914
"DO52548","chr9",80000001,10,1.36482510576201,2.493277090358,0.00168476753412536,"positive",FALSE,NA
"DO52548","chr9",138000001,9,0.833176604490734,2.83305960807552,0.000305937576199783,"positive",FALSE,NA
"DO52548","chr11",77000001,14,1.29253171388094,3.01598235148407,2.70235359583707e-07,"positive",FALSE,NA
"DO52548","chr12",32000001,25,0.790542141486781,4.30444808986829,1.05457813353019e-24,"positive",FALSE,NA
"DO52548","chr17",35000001,9,1.05375112138191,2.61217208093555,0.00162287869515726,"positive",FALSE,NA
"DO52549","chr1",115000001,11,41.7707512315856,-1.87802589085963,4.36855619813437e-05,"negative",TRUE,0.380991
"DO52549","chr1",116000001,11,44.2857473477838,-1.96140581972494,8.10804839741552e-06,"negative",TRUE,0.944192
"DO52549","chr1",119000001,2,21.8493207365631,-3.16023098421021,0.000202684949423733,"negative",TRUE,0.809576
"DO52549","chr2",82000001,17,5.4195646486465,1.56379193945798,0.0268561712365221,"positive",FALSE,NA
"DO52549","chr3",95000001,17,5.16942513557007,1.62608055975065,0.017156322503492,"positive",FALSE,NA
"DO52549","chr4",163000001,10,2.11448833098531,2.0057887916329,0.0349485168364314,"positive",FALSE,NA
"DO52549","chr5",26000001,17,5.31785023350274,1.58879685872674,0.022488444781863,"positive",FALSE,NA
"DO52549","chr5",28000001,19,5.67515916944664,1.65892589511849,0.00610644862225513,"positive",FALSE,NA
"DO52549","chr5",149000001,9,1.56039839338337,2.20500419322546,0.0204557737123023,"positive",FALSE,NA
"DO52549","chr5",150000001,18,1.8017441262035,3.00672590069692,3.15503046158821e-09,"positive",FALSE,NA
"DO52549","chr6",62000001,22,3.67291798228837,2.43079653127801,1.62714099319816e-07,"positive",FALSE,NA
"DO52549","chr8",112000001,21,6.52811473529988,1.61312701089465,0.00414656665938646,"positive",FALSE,NA
"DO52549","chr11",62000001,13,2.61600142099175,2.11519161085077,0.00327896214909802,"positive",FALSE,NA
"DO52549","chr11",67000001,15,2.83400167665273,2.21694148053826,0.000390705302340753,"positive",FALSE,NA
"DO52549","chr16",56000001,11,2.3993327352626,1.98784104557349,0.0227260056791767,"positive",FALSE,NA
"DO52549","chr17",13000001,19,5.96283543567088,1.59323496237934,0.0105104733189762,"positive",FALSE,NA
"DO52549","chr21",21000001,21,7.50062450035868,1.42615213865128,0.0209319266831229,"positive",FALSE,NA
"DO52549","chrX",16000001,17,4.45623990575219,1.82003699442567,0.00379138487129463,"positive",FALSE,NA
"DO52549","chrX",102000001,14,2.11766251848718,2.46970188496788,8.17160821647579e-05,"positive",FALSE,NA
"DO52549","chrX",141000001,16,3.07199783120316,2.20766291485492,0.000213786207049751,"positive",FALSE,NA
"DO52550","chr3",110000001,8,1.41321435921478,2.1514643169386,0.0488521390504551,"positive",FALSE,NA
"DO52550","chr8",58000001,19,5.25499523869645,1.76058748409499,0.00250811303336524,"positive",FALSE,NA
"DO52550","chr9",140000001,6,0.400226019083268,2.85208054972698,0.00341274284723655,"positive",FALSE,NA
"DO52550","chr14",44000001,15,3.61532471012018,1.91319004275374,0.00485528116814855,"positive",FALSE,NA
"DO52550","chr20",24000001,11,2.38640859930251,1.99428641421063,0.0219891451874452,"positive",FALSE,NA
"DO52551","chr1",92000001,12,2.55239761474073,2.03391328544921,0.010103815718037,"positive",FALSE,NA
"DO52551","chr16",68000001,12,2.69644669009157,1.96738715680637,0.0155169707319504,"positive",FALSE,NA
"DO52551","chrX",142000001,11,2.26305624824918,2.05729702429236,0.0152209977556334,"positive",FALSE,NA
"DO52552","chr1",187000001,8,1.39209107503379,2.16748130736306,0.0455036582979056,"positive",FALSE,NA
"DO52552","chr3",84000001,18,3.03562082604352,2.38748980292409,7.40068367569136e-06,"positive",FALSE,NA
"DO52552","chr3",154000001,19,6.50715000307367,1.47657443831874,0.0262774031168878,"positive",FALSE,NA
"DO52552","chr4",160000001,23,1.24159699713523,3.7541780265342,1.1537852283437e-17,"positive",FALSE,NA
"DO52552","chr4",184000001,9,1.09937897918211,2.5704156818148,0.00215038723591565,"positive",FALSE,NA
"DO52552","chr8",111000001,15,4.07682418921181,1.75984943601959,0.0147944362740125,"positive",FALSE,NA
"DO52552","chr10",109000001,12,2.58538395165328,2.01840615723021,0.0111912658416388,"positive",FALSE,NA
"DO52552","chr16",24000001,13,2.48956648506706,2.17495120676627,0.00205309870531019,"positive",FALSE,NA
"DO52553","chr14",107000001,3,0.0618424821132796,2.63911730309473,0.0204921025278632,"positive",FALSE,NA
"DO52553","chr16",74000001,15,4.44610607024689,1.64790313143979,0.0315662600576906,"positive",FALSE,NA
"DO52553","chr20",44000001,13,3.60306202685569,1.71818653824238,0.0450851731518215,"positive",FALSE,NA
"DO52554","chr11",96000001,8,1.2226543748491,2.30282956610037,0.0224715854944384,"positive",FALSE,NA
"DO52555","chr13",97000001,8,1.18208443470131,2.33721271564094,0.0185074076318662,"positive",FALSE,NA
"DO52556","chr5",24000001,13,2.4703695689694,2.18424506199615,0.00190450393183732,"positive",FALSE,NA
"DO52556","chr7",57000001,14,3.98797536293342,1.69191623893829,0.0351459881062958,"positive",FALSE,NA
"DO52556","chr7",146000001,13,3.07304846872698,1.9177320178183,0.012918045913489,"positive",FALSE,NA
"DO52556","chr9",77000001,9,1.80682437550901,2.04201934133726,0.0486520175056935,"positive",FALSE,NA
"DO52556","chr9",140000001,6,0.640904769543742,2.5102613421505,0.0279599564058821,"positive",FALSE,NA
"DO52556","chr11",55028001,19,2.66905914375884,2.62134763405174,1.85107195652282e-07,"positive",FALSE,NA
"DO52556","chr12",10000001,4,18.6781545092689,-2.09146699167256,0.0466360807831179,"negative",TRUE,1
"DO52556","chr12",34000001,14,2.19339185376587,2.42855685650262,0.000121468617164948,"positive",FALSE,NA
"DO52556","chr16",13000001,13,3.58396775746016,1.72491602584392,0.0435677082352998,"positive",FALSE,NA
"DO52557","chr8",111000001,20,7.49021380295414,1.35931789716761,0.0473804164433835,"positive",FALSE,NA
"DO52557","chr21",48000001,0,43.4277951028756,-6.45706218198071,1.63880123952279e-15,"negative",TRUE,0.042197
"DO52558","chr2",181000001,26,1.86349062663029,3.48700131144092,2.8021747227635e-17,"positive",FALSE,NA
"DO52558","chr8",38000001,8,1.14731854194937,2.36734328530243,0.015884568897128,"positive",FALSE,NA
"DO52558","chr19",54000001,10,1.94521785821384,2.10235441405818,0.0202424458658738,"positive",FALSE,NA
"DO52559","chrX",11000001,12,3.03139582926052,1.82361764992749,0.0368608370291963,"positive",FALSE,NA
"DO52560","chr1",42000001,3,24.6077815049956,-2.84270773217839,0.000132642649314656,"negative",TRUE,0.708132
"DO52560","chr1",43000001,2,18.1263071992345,-2.89734167785267,0.00413262942258483,"negative",TRUE,0.519958
"DO52560","chr3",163000001,19,4.62647771373241,1.92743429561313,0.000506427941241183,"positive",FALSE,NA
"DO52560","chr4",61000001,18,4.89580379927457,1.77761547526711,0.00342897712795364,"positive",FALSE,NA
"DO52560","chr4",162000001,12,2.90296967865468,1.87706189320275,0.0268142785271659,"positive",FALSE,NA
"DO52560","chr6",103000001,8,1.12019625706884,2.3912942615042,0.0140315102878989,"positive",FALSE,NA
"DO52560","chr6",135000001,0,12.655847049036,-4.71763223537915,0.00521986027815947,"negative",TRUE,0.547524
"DO52560","chr8",47000001,15,3.86122533178179,1.82946277820035,0.00909566655254805,"positive",FALSE,NA
"DO52560","chr8",111000001,24,6.72095174221253,1.76252084311374,0.000238688601097056,"positive",FALSE,NA
"DO52560","chr8",113000001,21,7.1266755566007,1.49521042676011,0.0118253753837923,"positive",FALSE,NA
"DO52560","chr8",122000001,13,3.6076513483749,1.71657376922128,0.0453811714548476,"positive",FALSE,NA
"DO52560","chr10",8000001,15,4.05833912457175,1.76568805029922,0.014266931720017,"positive",FALSE,NA
"DO52560","chr12",17000001,0,31.1574764597209,-5.98447435212653,1.91963519624204e-10,"negative",TRUE,0.295499
"DO52560","chr12",18000001,1,46.9017379386565,-4.9819055492711,1.83048978000586e-15,"negative",TRUE,1
"DO52560","chr12",19000001,3,36.743914045246,-3.41157786970444,6.2479324354172e-09,"negative",TRUE,1
"DO52560","chr12",23000001,6,46.1616501540107,-2.84372570479089,9.862922047843e-10,"negative",TRUE,0.803553
"DO52560","chr12",24000001,4,55.5523199743986,-3.63877718005815,3.38931537137533e-15,"negative",TRUE,0.672291
"DO52560","chr12",25000001,4,27.4576621530156,-2.63524681963532,7.94399138923428e-05,"negative",TRUE,0.498535
"DO52560","chr12",95000001,9,1.39029514791077,2.32931600112268,0.010103815718037,"positive",FALSE,NA
"DO52560","chr20",15000001,12,2.93475341605247,1.86364965935074,0.0290803636595095,"positive",FALSE,NA
"DO52561","chr2",117000001,20,5.14022934248036,1.86179817806989,0.000573954102058175,"positive",FALSE,NA
"DO52561","chr5",25000001,8,25.7179792155228,-1.62502174590553,0.0450851731518215,"negative",TRUE,1
"DO52561","chr5",30000001,23,7.39881633990309,1.57295237414668,0.00288066773869435,"positive",FALSE,NA
"DO52561","chr5",52000001,14,3.82370150106913,1.74571406913925,0.0248516760369848,"positive",FALSE,NA
"DO52561","chr8",38000001,22,2.47977137626229,2.91665145255016,1.38244672288092e-10,"positive",TRUE,0.03489
"DO52561","chr10",71000001,18,4.2818334655795,1.95188947869238,0.000694468649784319,"positive",FALSE,NA
"DO52561","chr11",125000001,20,3.54793305628233,2.34036657332304,2.62218959433703e-06,"positive",FALSE,NA
"DO52561","chr12",2000001,19,5.41798572058242,1.7202960033831,0.00359338690605798,"positive",TRUE,0.21074
"DO52561","chr19",4000001,11,2.04400323669449,2.17646144991583,0.00719126085451572,"positive",FALSE,NA
"DO52561","chr21",19000001,3,20.7060603096867,-2.59904979277346,0.00355777977830053,"negative",TRUE,0.225725
"DO52561","chr22",49000001,5,28.3920007834808,-2.39316659086415,0.00020488707651548,"negative",TRUE,0.041579
