"class","count","observed","expected","ratio","z","mutations","mut_share","mutations_expected"
"all","0",156537609,156521424.360182,1.00010340207345,19.480902202841,0,0,0
"all","1",668063,695294.400994608,0.960834718421932,-32.8916033105884,668063,0.94478747114993,695294.400994608
"all","2",13353,5157.01784151788,2.58928714430621,114.350223988978,26706,0.037768135946056,10314.0356830358
"all","3",1741,92.4308374320774,18.8357051430954,174.810651375642,5223,0.00738646648866362,277.292512296232
"all","4",575,11.8818474020302,48.3931480134775,167.819265642472,2300,0.00325270398696656,47.5273896081208
"all",">=5",644,4.90829724471412,131.20639763485,296.509401209384,4812,0.00680522242838394,26.4593970612623
"C>A","0",157116404,157116271.170428,1.00000084542212,0.408866835694029,0,0,0
"C>A","1",105094,105627.20298952,0.994952029643604,-1.64191053137304,105094,0.990023833523311,105627.20298952
"C>A","2",437,85.8076832401108,5.0927840433259,37.9617342344817,874,0.00823339896187578,171.615366480222
"C>A","3",28,0.763572981475341,36.6697102690822,31.2288275445649,84,0.000791310655374789,2.29071894442602
"C>A","4",14,0.0516060936382763,271.285792296749,61.4215465344445,56,0.000527540436916526,0.206424374553105
"C>A",">=5",8,0.0037198899455342,2150.60125894427,131.114337222175,45,0.000423916422522209,0.0188526250130963
"C>G","0",157076283,157072743.876627,1.0000225317473,9.19291305664394,0,0,0
"C>G","1",142539,148723.480040996,0.958416249812799,-16.0913170099603,142539,0.951325484542688,148723.480040996
"C>G","2",2571,514.190889663848,5.00008858904675,90.7334955644672,5142,0.0343184366490469,1028.3817793277
"C>G","3",389,3.37165493827951,115.373609435401,210.175564070792,1167,0.0077887233701746,10.1149648148385
"C>G","4",118,0.0748938566876211,1575.56313987371,431.21208583306,472,0.0031501948849378,0.299575426750485
"C>G",">=5",85,0.00589385626435172,14421.7972389507,1107.31641470867,512,0.00341716055315286,0.0300079978187568
"C>T","0",156953631,156949673.62831,1.00002521427155,7.61987270122792,0,0,0
"C>T","1",264298,271003.317642697,0.975257433373796,-12.9405534747768,264298,0.963360670676144,271003.317642697
"C>T","2",3267,1293.37302681002,2.52595340422225,54.9208476959412,6534,0.0238162930563149,2586.74605362004
"C>T","3",450,13.8150576508387,32.5731539725193,117.920011475509,1350,0.00492072170585019,41.4451729525161
"C>T","4",150,0.696442048977437,215.380447260817,181.30990504344,600,0.00218698742482231,2.78576819590975
"C>T",">=5",189,0.169520773417638,1114.90760801552,465.205509819813,1568,0.00571532713686896,0.898743511701468
"T>A","0",157163418,157163317.630262,1.00000063863336,0.414581158252506,0,0,0
"T>A","1",58385,58639.5082590283,0.995659781833366,-1.05149775633389,58385,0.993770318803084,58639.5082590283
"T>A","2",180,27.6828690597137,6.50221621218988,28.968612809225,360,0.00612755527565488,55.3657381194274
"T>A","3",2,0.170856449298446,11.7057331356949,4.42758221461006,6,0.000102125921260915,0.512569347895339
"T>A","4",0,0.0074308985687712,0,-0.0862066080253127,0,0,0.0297235942750848
"T>A",">=5",0,0.000322613355830156,0,-0.017961497092779,0,0,0.00162560772878351
"T>C","0",157142143,157141897.443068,1.00000156264456,0.868170387812992,0,0,0
"T>C","1",79561,80043.8853700691,0.993967242246718,-1.70769699955099,79561,0.992762755643179,80043.8853700691
"T>C","2",269,43.3508113736719,6.2051895103253,34.3006383084043,538,0.00671316804132716,86.7016227473439
"T>C","3",9,0.304270154393981,29.5789773332367,15.7785050386024,27,0.000336906202817534,0.912810463181944
"T>C","4",2,0.0156516981176444,127.781662089775,15.8628842104928,8,9.98240600940842e-05,0.0626067924705776
"T>C",">=5",1,0.000828566524032562,1206.90369571424,34.712100332876,7,8.73460525823237e-05,0.00418306948267855
"T>G","0",157184237,157184062.49459,1.00000111019786,0.89637406041149,0,0,0
"T>G","1",37630,37911.1858452555,0.992583037460152,-1.44456302435978,37630,0.993478892203712,37911.1858452555
"T>G","2",110,11.2495375435909,9.77817973172326,29.4572777355255,220,0.00580827415053991,22.4990750871817
"T>G","3",7,0.0677363837931164,103.341802558869,26.6420971544781,21,0.000554426168915173,0.203209151379349
"T>G","4",0,0.00222051101077792,0,-0.0471230874601766,0,0,0.00888204404311167
"T>G",">=5",1,7.05379315880939e-05,14176.7695406706,119.057962830543,6,0.000158407476832907,0.000354747295205016
