"class","width","n_regions","obs_total","exp_total","mean_exp","D","sd_D","z_D","cv_excess","trim","D_trim","cv_excess_trim","top_share","max_share"
"all",1999.99943220409,1391345,707104,704812.460684269,0.506569154799327,1.16693758274658,0.00172282594166434,96.8975325419735,0.574060532310143,0.001,1.05986336399746,0.343741163290395,0.0926646128349835,0.00501369157125676
"all",10000,278768,707104,704812.460684269,2.52831193208786,1.37279706628477,0.00295223509876338,126.276212365649,0.383990885416823,0.001,1.18718190552469,0.272068499407188,0.1360749780617,0.0380716980040996
"all",1e+05,28108,707104,704812.460684269,25.0751551403255,2.12795082460338,0.00852929409193438,132.244334929196,0.212091502474725,0.001,1.87575536552434,0.186840821351537,0.119393739860004,0.0220669998689597
"all",1e+06,2867,707104,704812.460684269,245.836226258901,6.12297161423608,0.0264559927443738,193.641254128539,0.144357061957394,0.001,5.65819105102051,0.137613231380274,0.0768746398233319,0.0310576117157448
"all",1e+07,308,707104,704812.460684269,2288.3521450788,20.9616378229633,0.0805993854135777,247.66488876478,0.0933978023262418,0.001,20.1626334019796,0.0915189267940809,0.0412404566735557,0.0412404566735557
"C>A",1999.99943220409,1391345,106153,105703.450760758,0.0759721354234629,1.03442379654186,0.00349564823593728,9.84761458202862,0.6731350678079,0.001,0.955207260794909,0,0.0775035400588551,0.000587577653563702
"C>A",10000,278768,106153,105703.450760758,0.379180719310531,1.05972567979803,0.00424296246633741,14.076410119552,0.396878367610713,0.001,1.01040462599364,0.165632859828197,0.0474955927578459,0.00172835275856998
"C>A",1e+05,28108,106153,105703.450760758,3.7606180005962,1.29740244981733,0.00907041377923793,32.788189938819,0.281217705583379,0.001,1.24361403812787,0.254464242932436,0.0424133986868716,0.00575437801246425
"C>A",1e+06,2867,106153,105703.450760758,36.8690096828594,2.582599932679,0.0267122525887927,59.2462177204401,0.207183342479907,0.001,2.47656055417929,0.200072282194234,0.0420625839918666,0.0179661562432682
"C>A",1e+07,308,106153,105703.450760758,343.193021950513,6.42030770321493,0.0806974662102113,67.1682514677153,0.125673221042931,0.001,6.18336943081426,0.122803584258265,0.0400314375971962,0.0400314375971962
"C>G",1999.99943220409,1391345,149832,149435.979724371,0.107403972217078,1.08672827336361,0.00290819341901132,29.8220444337199,0.898607788361144,0.001,0.991147139288482,0,0.0888649332267497,0.000680837472516789
"C>G",10000,278768,149832,149435.979724371,0.536058585362634,1.14478391478421,0.00377702420317674,38.3328003729582,0.519701571009901,0.001,1.06274141159741,0.342105113010722,0.0725954723628377,0.00199698806762908
"C>G",1e+05,28108,149832,149435.979724371,5.31649280362782,1.26329947245805,0.00886101878213861,29.7143566593929,0.22254220114621,0.001,1.20773448982279,0.197656995859033,0.0449363574174954,0.00380239904234034
"C>G",1e+06,2867,149832,149435.979724371,52.1227693492748,1.83202916835462,0.0266159297089671,31.2605712989355,0.126344265400197,0.001,1.74473283041379,0.119501244175394,0.0486466102110007,0.0266507254019569
"C>G",1e+07,308,149832,149435.979724371,485.181752351854,4.0586801266602,0.0806636526240158,37.9189390408233,0.0793989576976731,0.001,3.86863913587017,0.0769039708122202,0.0499180770945978,0.0499180770945978
"C>T",1999.99943220409,1391345,274350,273382.687128073,0.196488065237646,1.14977477188282,0.00232208745756851,64.5000563586245,0.873074382082183,0.001,1.00181816916218,0.0961887285725707,0.129554218895874,0.0128140918688806
"C>T",10000,278768,274350,273382.687128073,0.980681739396463,1.39143321319824,0.00333858772880548,117.245148246647,0.631778426851112,0.001,1.08506878339197,0.294505947796061,0.220959510455626,0.0964148864792216
"C>T",1e+05,28108,274350,273382.687128073,9.72615223879583,1.83375256264389,0.00867414443372503,96.1192851945451,0.292784485091959,0.001,1.44281822501368,0.213350408723173,0.213971950237726,0.0690506562805678
"C>T",1e+06,2867,274350,273382.687128073,95.3549658625996,3.9704093070847,0.0265244199794485,111.987719595234,0.176496659885312,0.001,3.3468240359094,0.156852820749123,0.157940228758663,0.134900865453259
"C>T",1e+07,308,274350,273382.687128073,887.606127039198,11.6179178918953,0.080624915609359,131.695243482062,0.109372851669752,0.001,11.1407580145328,0.10689300908225,0.0441844377274836,0.0441844377274836
"T>A",1999.99943220409,1391345,58751,58593.4646435395,0.0421128222285195,1.01572917668161,0.00468076929241735,3.36038281294735,0.611147193683485,0.001,0.918748547000572,0,0.0963831232392118,0.00069456372878741
"T>A",10000,278768,58751,58593.4646435394,0.210187197395467,1.02913214201721,0.00525348291306898,5.54530061280629,0.372291464691354,0.001,0.977149739363725,0,0.0514611908880311,0.00204675634898321
"T>A",1e+05,28108,58751,58593.4646435395,2.08458320206132,1.15467430035658,0.00960664982202176,16.1007534595477,0.272395208028473,0.001,1.10549759761157,0.224912466683995,0.0435429736756391,0.00950563251103151
"T>A",1e+06,2867,58751,58593.4646435394,20.4372042705056,1.93050326757829,0.0269925936781366,34.4725400853932,0.213377296552338,0.001,1.76936813584362,0.193971618738996,0.084426990368456,0.0557406759648462
"T>A",1e+07,308,58751,58593.4646435395,190.238521569933,4.46261011877937,0.0808147470703005,42.8462656174281,0.134912616726937,0.001,4.19417676758131,0.129652317467013,0.0632031032800172,0.0632031032800172
"T>C",1999.99943220409,1391345,80141,79952.1426046213,0.0574639234730576,1.03557734348568,0.00399354583996008,8.90871043213894,0.786844875715816,0.001,0.943192326623162,0,0.0901216851651223,0.00201299417851331
"T>C",10000,278768,80141,79952.1426046213,0.286805309808232,1.04549589134944,0.0046512643567283,9.78140304659908,0.398283665439886,0.001,0.992076326004612,0,0.0520446495868207,0.00242241220625641
"T>C",1e+05,28108,80141,79952.1426046213,2.8444621675189,1.11427322666646,0.00928229214920683,12.3108845131776,0.20043435567654,0.001,1.07455901151736,0.161874379117225,0.0366020150016478,0.00425332103049457
"T>C",1e+06,2867,80141,79952.1426046213,27.8870396249115,1.59590723261668,0.0268318604331475,22.2089420188139,0.146180055148557,0.001,1.48980423017823,0.132493473088552,0.0674612636743248,0.0449181393308094
"T>C",1e+07,308,80141,79952.1426046213,259.584878586433,3.33360320728911,0.0807515152204878,28.8985686636012,0.0948142930861066,0.001,3.19139316803598,0.0919173385470157,0.0457678061532655,0.0457678061532655
"T>G",1999.99943220409,1391345,37877,37744.7358229066,0.0271282362195621,1.04432313219238,0.0055897771099222,7.929320135807,1.27821656769277,0.001,0.92789262114887,0,0.112377261371808,0.00286811796918613
"T>G",10000,278768,37877,37744.7358229066,0.135398380814536,1.03700148587016,0.00608545184989431,6.08031856678071,0.522760598854481,0.001,0.979663084902262,0,0.0562379901626313,0.0028526306706476
"T>G",1e+05,28108,37877,37744.7358229066,1.34284672772544,1.06958752960308,0.0101042074190426,6.88698546230732,0.227642049473598,0.001,1.04004329203251,0.172661302270271,0.0285907266441686,0.00303995352178411
"T>G",1e+06,2867,37877,37744.7358229066,13.1652374687501,1.23084557157324,0.0272674630203673,8.46597174811634,0.132417817402185,0.001,1.20992303499745,0.126240165166786,0.018027109491206,0.00823279187035923
"T>G",1e+07,308,37877,37744.7358229066,122.547843580866,2.05390119592367,0.0809118791130522,13.0252962541029,0.0927357336025491,0.001,1.98875045099351,0.0898171869331328,0.0348642510438271,0.0348642510438271
